ID,sp_415_mean,sp_445_mean,sp_480_mean,sp_515_mean,sp_555_mean,sp_590_mean,sp_630_mean,sp_680_mean,x_mm,y_mm,z_mm,PPFD_spec_mean,segment_id,pwm_r,pwm_b,rb_ratio_pwm,ppfd_red_mean,ppfd_blue_mean,row_count,start_timestamp,end_timestamp,device_id,update_type,temperature_mean,humidity_mean,a1_raw_mean,vcap_raw_mean,co2_ppm_mean,sp_clear_mean,sp_nir_mean,spectral_gain_mean,sleep_time_mean,spec_sum,spec_per_ppfd,clean_status,clean_reason
govee-02,3.3333333333,3,3,3,87.6666666667,10,2,18.3333333333,,,,6.4943586985270185,2,30,0,inf,6.4943586985,0,3,2026-04-30 10:49:17.093,2026-04-30 10:50:17.071,T6ncwg==,COMPACT,27.54,49.2233333333,0.2506666667,4.6203333333,-1,143,21,1,30,130.3333333333,20.0686995258,keep,
govee-03,6.25,5,6,6,159.75,18,5,34,,,,11.892420450846354,3,50,0,inf,11.8924204508,0,4,2026-04-30 10:51:46.986,2026-04-30 10:53:17.007,T6ncwg==,COMPACT,27.4375,49.2675,0.34875,4.60875,-1,260.25,37,1,30,240,20.1809212004,keep,
govee-04,8,7,8,9,228,26,7,48,,,,17.049343744913738,4,70,0,inf,17.0493437449,0,3,2026-04-30 10:54:46.932,2026-04-30 10:55:46.959,T6ncwg==,COMPACT,27.3733333333,49.28,0.4163333333,4.5936666667,-1,371.6666666667,54,1,30,341,20.0007698303,keep,
govee-05,11,10,11,11,295,33.6666666667,9.3333333333,61.3333333333,,,,22.1085262298584,5,90,0,inf,22.1085262299,0,3,2026-04-30 10:57:46.950,2026-04-30 10:58:46.894,T6ncwg==,COMPACT,27.1466666667,49.4033333333,0.459,4.5886666667,-1,480.3333333333,71,1,30,442.3333333333,20.0073640701,keep,
govee-07,2,4,6,3,74,8,2,16,,,,5.510322093963623,7,24,6,4.000000,4.4082576752,1.1020644188,3,2026-04-30 11:03:16.739,2026-04-30 11:04:16.733,T6ncwg==,COMPACT,26.9833333333,49.4966666667,0.227,4.552,-1,115,15,1,30,115,20.8699233981,keep,
govee-08,5,9,13,6,138,15,4,29.3333333333,,,,10.285822232564291,8,40,10,4.000000,8.2286577861,2.0571644465,3,2026-04-30 11:06:16.689,2026-04-30 11:07:16.653,T6ncwg==,COMPACT,26.83,49.67,0.3253333333,4.541,-1,211,28,1,30,219.3333333333,21.3238502838,keep,
govee-09,7,14,21,9,200.3333333333,22,6,42,,,,15.08057689666748,9,56,14,4.000000,12.0644615173,3.0161153793,3,2026-04-30 11:08:46.622,2026-04-30 11:09:46.711,T6ncwg==,COMPACT,26.71,49.7033333333,0.4013333333,4.5446666667,-1,305.3333333333,42,1,30,321.3333333333,21.3077613367,keep,
govee-10,10,21,33,12,265,28.3333333333,8,53.6666666667,,,,20.059785842895508,10,72,18,4.000000,16.0478286743,4.0119571686,3,2026-04-30 11:11:46.609,2026-04-30 11:12:46.543,T6ncwg==,COMPACT,26.6033333333,49.83,0.451,4.5183333333,-1,395,56,1,30,431,21.4857727483,keep,
govee-12,2,8,13,3,61,6,2,12,,,,4.6983536084493,12,18,12,1.500000,2.8190121651,1.8793414434,3,2026-04-30 11:17:46.558,2026-04-30 11:18:46.514,T6ncwg==,COMPACT,26.41,49.93,0.204,4.5123333333,-1,81,11,1,30,107,22.7739350669,keep,
govee-13,4,20,34,7,123,11.75,4,23,,,,9.634648005167643,13,30,20,1.500000,5.7807888031,3.8538592021,4,2026-04-30 11:20:16.477,2026-04-30 11:21:46.462,T6ncwg==,COMPACT,26.35,50.115,0.32075,4.49425,-1,154,21,1,30,226.75,23.5348504562,keep,
govee-14,6,32.25,56,11,186,17,6,33,,,,14.737640062967936,14,42,28,1.500000,8.8425840378,5.8950560252,4,2026-04-30 11:23:16.419,2026-04-30 11:24:46.379,T6ncwg==,COMPACT,26.275,50.2325,0.3935,4.47225,-1,225.75,32,1,30,347.25,23.5621170361,keep,
govee-15,9,45.6666666667,79.3333333333,16,249,23,8,42.6666666667,,,,19.897785822550457,15,54,36,1.500000,11.9386714935,7.959114329,3,2026-04-30 11:26:16.287,2026-04-30 11:27:16.348,T6ncwg==,COMPACT,26.2166666667,50.29,0.4486666667,4.4593333333,-1,296,43,1,30,472.6666666667,23.7547368779,keep,
govee-17,2,7,11,3,66,7,2,14,,,,5.0249738693237305,17,20,10,2.000000,3.3499825795,1.6749912898,4,2026-04-30 11:31:46.247,2026-04-30 11:33:16.170,T6ncwg==,COMPACT,26.05,50.4325,0.21925,4.43975,-1,94,12,1,30,112,22.288673118,keep,
govee-18,4,15,25,6.6666666667,126,13,4,25,,,,9.727739651997885,18,33,17,1.941176,6.4203081703,3.3074314817,3,2026-04-30 11:34:46.144,2026-04-30 11:35:46.198,T6ncwg==,COMPACT,26.0233333333,50.4833333333,0.3253333333,4.426,-1,173,23,1,30,218.6666666667,22.4786717664,keep,
govee-19,7,26.5,45,11,193.75,19,6,37.25,,,,15.100675264994303,19,47,23,2.043478,10.1390248208,4.9616504442,4,2026-04-30 11:37:16.100,2026-04-30 11:38:46.110,T6ncwg==,COMPACT,25.98,50.6175,0.39775,4.41125,-1,257,35,1,30,345.5,22.8797715292,keep,
govee-20,9,37,63,15,255,25,8,47.3333333333,,,,19.969444274902344,20,60,30,2.000000,13.3129628499,6.656481425,3,2026-04-30 11:40:16.079,2026-04-30 11:41:16.018,T6ncwg==,COMPACT,25.9933333333,50.72,0.4533333333,4.4043333333,-1,331,47,1,30,459.3333333333,23.0018085135,keep,
govee-22,1,10,18,3,54,5,2,9.3333333333,,,,4.330384413401286,22,15,15,1.000000,2.1651922067,2.1651922067,3,2026-04-30 11:45:45.963,2026-04-30 11:46:45.897,T6ncwg==,COMPACT,25.8433333333,50.87,0.256,4.3796666667,-1,63,8,1,30,102.3333333333,23.6314663005,keep,
govee-23,4,27,47,8,119,10,4,19,,,,9.747358004252115,23,25,25,1.000000,4.8736790021,4.8736790021,3,2026-04-30 11:48:45.843,2026-04-30 11:49:45.894,T6ncwg==,COMPACT,25.81,51.0033333333,0.3183333333,4.383,-1,126.3333333333,18,1,30,238,24.416872746,keep,
govee-24,6,42.25,74,13,179.25,15,6,28,,,,14.746240297953287,24,35,35,1.000000,7.373120149,7.373120149,4,2026-04-30 11:51:15.875,2026-04-30 11:52:45.797,T6ncwg==,COMPACT,25.71,51.045,0.39525,4.366,-1,185.25,27,1,30,363.5,24.6503510492,keep,
govee-25,8,58,102.6666666667,17.6666666667,240.6666666667,20,9.3333333333,36.6666666667,,,,19.862512588500977,25,45,45,1.000000,9.9312562943,9.9312562943,3,2026-04-30 11:54:15.790,2026-04-30 11:55:15.746,T6ncwg==,COMPACT,25.6866666667,51.12,0.4513333333,4.3433333333,-1,245,37,1,30,493.0000000001,24.8206261823,keep,
govee-27,1,18,31,4,50,3,2.3333333333,6,,,,4.305518468221028,27,10,20,0.500000,1.4351728227,2.8703456455,3,2026-04-30 11:59:45.701,2026-04-30 12:00:45.603,T6ncwg==,COMPACT,25.7033333333,51.26,0.2536666667,4.326,-1,34,5.3333333333,1,30,115.3333333333,26.7873275157,keep,
govee-28,3,38,67,9,109,7,4,13,,,,9.402863184611002,28,17,33,0.515152,3.1969734828,6.2058897018,3,2026-04-30 12:02:45.639,2026-04-30 12:03:45.548,T6ncwg==,COMPACT,25.7433333333,51.3066666667,0.312,4.3206666667,-1,77,13,1,30,250,26.5876462405,keep,
govee-29,5,59,106,15,168,11,6,19,,,,14.508397738138834,29,23,47,0.489362,4.7670449711,9.741352767,3,2026-04-30 12:05:45.571,2026-04-30 12:06:45.492,T6ncwg==,COMPACT,25.6833333333,51.4166666667,0.3936666667,4.3026666667,-1,115.6666666667,20,1,30,389,26.8120578868,keep,
govee-30,7,77,138.75,20,222,15,9,25.25,,,,19.178930918375652,30,30,60,0.500000,6.3929769728,12.7859539456,4,2026-04-30 12:08:15.486,2026-04-30 12:09:45.514,T6ncwg==,COMPACT,25.6575,51.5,0.44575,4.29625,-1,155.75,27,1,30,514,26.8002425259,keep,
govee-32,1,15,26,4,52,4,2,7,,,,4.4154253005981445,32,12,18,0.666667,1.7661701202,2.6492551804,3,2026-04-30 12:14:15.369,2026-04-30 12:15:15.310,T6ncwg==,COMPACT,25.58,51.43,0.2413333333,4.2626666667,-1,46,7,1,30,111,25.1391411797,keep,
govee-33,3,33,59,9,112,8,4,15,,,,9.522608439127604,33,20,30,0.666667,3.8090433757,5.7135650635,4,2026-04-30 12:16:45.316,2026-04-30 12:18:15.352,T6ncwg==,COMPACT,25.5475,51.56,0.32125,4.26775,-1,96,15,1,30,243,25.5182182018,keep,
govee-34,5.3333333333,52,92.6666666667,14,172,13,6,23,,,,14.62177594502767,34,28,42,0.666667,5.848710378,8.773065567,3,2026-04-30 12:19:45.289,2026-04-30 12:20:45.257,T6ncwg==,COMPACT,25.51,51.6066666667,0.395,4.246,-1,144,23,1,30,378,25.8518528407,keep,
govee-35,7,69.25,124,19,230,17,9,30,,,,19.552527109781902,35,36,54,0.666667,7.8210108439,11.7315162659,4,2026-04-30 12:22:15.270,2026-04-30 12:23:45.168,T6ncwg==,COMPACT,25.5075,51.625,0.452,4.23025,-1,192.75,31,1,30,505.25,25.840649506,keep,
govee-37,1,23,42,5,48,2,2,3,,,,4.359306812286377,37,6,24,0.250000,0.8718613625,3.4874454498,3,2026-04-30 12:28:15.082,2026-04-30 12:29:15.124,T6ncwg==,COMPACT,25.47,51.6566666667,0.258,4.2123333333,-1,14.3333333333,4,1,30,126,28.903677907,keep,
govee-38,3,48,86,11,103,5,4,7,,,,9.268506050109863,38,10,40,0.250000,1.85370121,7.4148048401,4,2026-04-30 12:30:45.016,2026-04-30 12:32:15.024,T6ncwg==,COMPACT,25.495,51.675,0.314,4.201,-1,37,8.5,1,30,267,28.8072315599,keep,
govee-39,4,71,128,16,156.6666666667,8,6,12,,,,14.08856201171875,39,14,56,0.250000,2.8177124023,11.2708496094,3,2026-04-30 12:33:45.036,2026-04-30 12:34:45.014,T6ncwg==,COMPACT,25.52,51.8133333333,0.386,4.1783333333,-1,62,14,1,30,401.6666666667,28.5101251876,keep,
govee-40,6.25,93.75,170.25,22,210.75,11,9,17,,,,18.9345219930013,40,18,72,0.250000,3.7869043986,15.1476175944,4,2026-04-30 12:36:14.918,2026-04-30 12:37:44.878,T6ncwg==,COMPACT,25.485,51.69,0.4445,4.171,-1,87,19,1,30,540,28.519336279,keep,
govee-42,1,32,57,7,56,2,2,2,,,,5.296249548594157,42,0,30,0.000000,0,5.2962495486,3,2026-04-30 12:42:14.841,2026-04-30 12:43:14.854,T6ncwg==,COMPACT,25.43,51.7233333333,0.239,4.1633333333,-1,3,3,1,30,159,30.0212440032,keep,
govee-43,3,62,111,13,108,3,5,4,,,,10.261221567789713,43,0,50,0.000000,0,10.2612215678,3,2026-04-30 12:44:44.781,2026-04-30 12:45:44.709,T6ncwg==,COMPACT,25.3533333333,51.7433333333,0.3316666667,4.153,-1,5,6,1,30,309,30.1133737303,keep,
govee-44,4,90,163,20,157,5,7,5,,,,15.002643903096518,44,0,70,0.000000,0,15.0026439031,3,2026-04-30 12:47:44.730,2026-04-30 12:48:44.717,T6ncwg==,COMPACT,25.4466666667,51.8333333333,0.397,4.133,-1,8,9,1,30,451,30.0613680437,keep,
govee-45,6,118,216.3333333333,26,208,7,9,7,,,,19.89757792154948,45,0,90,0.000000,0,19.8975779215,3,2026-04-30 12:50:44.618,2026-04-30 12:51:44.658,T6ncwg==,COMPACT,25.3533333333,51.78,0.447,4.1203333333,-1,10,12,1,30,597.3333333333,30.0204042768,keep,
