ID,sp_415_mean,sp_445_mean,sp_480_mean,sp_515_mean,sp_555_mean,sp_590_mean,sp_630_mean,sp_680_mean,x_mm,y_mm,z_mm,PPFD_spec_mean,segment_id,pwm_r,pwm_b,rb_ratio_pwm,ppfd_red_mean,ppfd_blue_mean,row_count,start_timestamp,end_timestamp,device_id,update_type,temperature_mean,humidity_mean,a1_raw_mean,vcap_raw_mean,co2_ppm_mean,sp_clear_mean,sp_nir_mean,spectral_gain_mean,sleep_time_mean,spec_sum,spec_per_ppfd,clean_status,clean_reason,x_cm,y_cm,z_cm
65123_grid9_p5_C_x0_y0_v2__govee-02,5.0,4.0,5.0,5.0,142.0,16.0,4.0,31.0,,,,10.128738403320312,2,30,0,inf,10.1287384033,0.0,3,2026-04-27 16:58:29.883,2026-04-27 16:59:29.901,T6ncwg==,COMPACT,28.3433333333,45.0733333333,0.3303333333,4.4356666667,-1,229.3333333333,31.0,1.0,30,212.0,20.9305435246,keep,,0.0,0.0,10.0
65123_grid9_p5_C_x0_y0_v2__govee-03,9.0,8.0,9.0,10.0,257.0,29.0,7.0,56.0,,,,18.524271647135414,3,50,0,inf,18.5242716471,0.0,3,2026-04-27 17:01:29.849,2026-04-27 17:02:29.790,T6ncwg==,COMPACT,28.1366666667,45.0266666667,0.439,4.4146666667,-1,414.3333333333,57.0,1.0,30,385.0,20.7835431986,keep,,0.0,0.0,10.0
65123_grid9_p5_C_x0_y0_v2__govee-04,13.5,12.0,13.0,14.0,364.75,41.75,11.0,78.5,,,,26.392066955566406,4,70,0,inf,26.3920669556,0.0,4,2026-04-27 17:03:59.735,2026-04-27 17:05:29.717,T6ncwg==,COMPACT,27.9875,45.0175,0.51075,4.39775,-1,588.75,82.0,1.0,30,548.5,20.7827602485,keep,,0.0,0.0,10.0
65123_grid9_p5_C_x0_y0_v2__govee-05,17.3333333333,15.0,17.0,18.0,471.3333333333,54.0,14.0,99.0,,,,33.820000966389976,5,90,0,inf,33.8200009664,0.0,3,2026-04-27 17:06:59.714,2026-04-27 17:07:59.726,T6ncwg==,COMPACT,27.8933333333,45.1666666667,0.5593333333,4.3973333333,-1,759.3333333333,108.3333333333,1.0,30,705.6666666666,20.8653650651,keep,,0.0,0.0,10.0
65123_grid9_p5_C_x0_y0_v2__govee-07,4.25,7.0,10.0,5.0,117.5,13.0,3.25,25.25,,,,8.463081359863281,7,24,6,4.0,6.7704650879,1.692616272,4,2026-04-27 17:12:59.614,2026-04-27 17:14:29.606,T6ncwg==,COMPACT,27.4575,45.1925,0.3055,4.37875,-1,180.0,23.25,1.0,30,185.25,21.8891904878,keep,,0.0,0.0,10.0
65123_grid9_p5_C_x0_y0_v2__govee-08,8.0,15.0,23.0,10.0,219.0,24.0,6.0,47.0,,,,15.886755307515465,8,40,10,4.0,12.709404246,3.1773510615,3,2026-04-27 17:15:59.549,2026-04-27 17:16:59.561,T6ncwg==,COMPACT,27.4133333333,45.3266666667,0.4213333333,4.3676666667,-1,330.0,44.0,1.0,30,352.0,22.1568214016,keep,,0.0,0.0,10.0
65123_grid9_p5_C_x0_y0_v2__govee-09,11.0,24.0,36.0,14.0,319.3333333333,34.0,9.3333333333,66.3333333333,,,,23.27965418497721,9,56,14,4.0,18.623723348,4.655930837,3,2026-04-27 17:18:59.475,2026-04-27 17:19:59.527,T6ncwg==,COMPACT,27.21,45.4033333333,0.4943333333,4.3506666667,-1,476.6666666667,64.0,1.0,30,513.9999999999,22.0793657808,keep,,0.0,0.0,10.0
65123_grid9_p5_C_x0_y0_v2__govee-10,15.0,36.25,57.0,20.0,423.75,45.0,13.0,84.75,,,,31.181125005086265,10,72,18,4.0,24.9449000041,6.236225001,4,2026-04-27 17:21:29.494,2026-04-27 17:22:59.419,T6ncwg==,COMPACT,27.035,45.56,0.547,4.34675,-1,617.25,86.0,1.0,30,694.75,22.2811075574,keep,,0.0,0.0,10.0
65123_grid9_p5_C_x0_y0_v2__govee-12,3.0,14.0,23.0,5.0,98.0,9.0,3.0,19.0,,,,7.316226323445638,12,18,12,1.5,4.3897357941,2.9264905294,4,2026-04-27 17:26:59.385,2026-04-27 17:28:29.332,T6ncwg==,COMPACT,26.88,45.755,0.284,4.325,-1,126.75,17.0,1.0,30,174.0,23.7827525158,keep,,0.0,0.0,10.0
65123_grid9_p5_C_x0_y0_v2__govee-13,7.3333333333,35.0,59.0,12.0,199.0,18.0,6.0,35.0,,,,15.123361905415852,13,30,20,1.5,9.0740171432,6.0493447622,3,2026-04-27 17:29:59.274,2026-04-27 17:30:59.232,T6ncwg==,COMPACT,26.7733333333,45.8933333333,0.4136666667,4.305,-1,239.0,33.0,1.0,30,371.3333333333,24.5536234374,keep,,0.0,0.0,10.0
65123_grid9_p5_C_x0_y0_v2__govee-14,10.0,57.0,97.75,19.0,303.5,27.25,10.0,51.75,,,,23.324305216471355,14,42,28,1.5,13.9945831299,9.3297220866,4,2026-04-27 17:32:29.272,2026-04-27 17:33:59.222,T6ncwg==,COMPACT,26.62,46.0075,0.49725,4.30325,-1,352.0,50.0,1.0,30,576.25,24.7059877948,keep,,0.0,0.0,10.0
65123_grid9_p5_C_x0_y0_v2__govee-15,14.0,80.3333333333,138.6666666667,26.0,407.0,36.0,14.0,66.6666666667,,,,31.611714045206707,15,54,36,1.5,18.9670284271,12.6446856181,3,2026-04-27 17:35:29.162,2026-04-27 17:36:29.139,T6ncwg==,COMPACT,26.5266666667,46.1033333333,0.551,4.302,-1,461.0,67.0,1.0,30,782.6666666667,24.7587544778,keep,,0.0,0.0,10.0
65123_grid9_p5_C_x0_y0_v2__govee-17,3.3333333333,12.0,19.0,5.0,106.0,11.0,3.0,21.3333333333,,,,7.817965984344482,17,20,10,2.0,5.2119773229,2.6059886614,3,2026-04-27 17:40:59.080,2026-04-27 17:41:59.070,T6ncwg==,COMPACT,26.42,46.2766666667,0.2996666667,4.2916666667,-1,146.0,19.0,1.0,30,180.6666666666,23.1091650985,keep,,0.0,0.0,10.0
65123_grid9_p5_C_x0_y0_v2__govee-18,7.0,27.0,44.0,11.0,203.0,20.0,6.0,40.0,,,,15.162212689717611,18,33,17,1.941176,10.0070603752,5.1551523145,3,2026-04-27 17:43:58.962,2026-04-27 17:44:58.924,T6ncwg==,COMPACT,26.26,46.4633333333,0.4203333333,4.271,-1,269.3333333333,36.0,1.0,30,358.0,23.6113295154,keep,,0.0,0.0,10.0
65123_grid9_p5_C_x0_y0_v2__govee-19,11.0,46.25,77.0,17.0,313.0,30.0,10.0,58.25,,,,23.6220162709554,19,47,23,2.043478,15.8604966391,7.7615196319,4,2026-04-27 17:46:28.942,2026-04-27 17:47:58.951,T6ncwg==,COMPACT,26.2575,46.5875,0.5015,4.27025,-1,400.0,55.0,1.0,30,562.5,23.8125312229,keep,,0.0,0.0,10.0
65123_grid9_p5_C_x0_y0_v2__govee-20,14.0,65.0,110.0,24.0,412.3333333333,39.0,13.0,73.6666666667,,,,31.369805653889973,20,60,30,2.0,20.9132037693,10.4566018846,3,2026-04-27 17:49:28.850,2026-04-27 17:50:28.896,T6ncwg==,COMPACT,26.1133333333,46.7166666667,0.5523333333,4.2656666667,-1,515.3333333333,73.0,1.0,30,751.0,23.9402184472,keep,,0.0,0.0,10.0
65123_grid9_p5_C_x0_y0_v2__govee-22,3.0,18.0,31.0,5.0,88.3333333333,7.3333333333,3.0,15.0,,,,6.865358193715413,22,15,15,1.0,3.4326790969,3.4326790969,3,2026-04-27 17:54:58.739,2026-04-27 17:55:58.777,T6ncwg==,COMPACT,26.02,46.8933333333,0.2763333333,4.2486666667,-1,98.0,13.0,1.0,30,170.6666666666,24.8591059419,keep,,0.0,0.0,10.0
65123_grid9_p5_C_x0_y0_v2__govee-23,6.0,48.0,83.0,14.0,197.0,16.0,7.0,30.0,,,,15.556920051574709,23,25,25,1.0,7.7784600258,7.7784600258,4,2026-04-27 17:57:28.710,2026-04-27 17:58:58.646,T6ncwg==,COMPACT,25.9575,46.9625,0.42275,4.23675,-1,197.0,28.0,1.0,30,401.0,25.7763103925,keep,,0.0,0.0,10.0
65123_grid9_p5_C_x0_y0_v2__govee-24,10.0,75.0,130.0,21.0,296.6666666667,24.0,10.0,44.0,,,,23.683690388997395,24,35,35,1.0,11.8418451945,11.8418451945,3,2026-04-27 18:00:28.718,2026-04-27 18:01:28.713,T6ncwg==,COMPACT,25.87,47.06,0.4996666667,4.225,-1,288.6666666667,43.0,1.0,30,610.6666666667,25.7842699612,keep,,0.0,0.0,10.0
65123_grid9_p5_C_x0_y0_v2__govee-25,13.0,102.6666666667,179.6666666667,29.0,398.6666666667,32.0,14.0,57.3333333333,,,,31.98288853963216,25,45,45,1.0,15.9914442698,15.9914442698,3,2026-04-27 18:03:28.612,2026-04-27 18:04:28.599,T6ncwg==,COMPACT,25.8166666667,47.26,0.5533333333,4.2276666667,-1,381.0,58.0,1.0,30,826.3333333334,25.8367324236,keep,,0.0,0.0,10.0
65123_grid9_p5_C_x0_y0_v2__govee-27,2.0,32.0,55.0,7.0,85.0,5.0,3.0,9.0,,,,7.049261887868245,27,10,20,0.5,2.3497539626,4.6995079252,3,2026-04-27 18:08:58.541,2026-04-27 18:09:58.483,T6ncwg==,COMPACT,25.8033333333,47.36,0.2853333333,4.2146666667,-1,53.0,9.0,1.0,30,198.0,28.0880471104,keep,,0.0,0.0,10.0
65123_grid9_p5_C_x0_y0_v2__govee-28,5.0,68.0,118.0,16.0,184.6666666667,12.0,7.0,20.0,,,,15.311554272969564,28,17,33,0.515152,5.2059284528,10.1056258202,3,2026-04-27 18:11:58.489,2026-04-27 18:12:58.418,T6ncwg==,COMPACT,25.76,47.5166666667,0.416,4.203,-1,120.0,20.0,1.0,30,430.6666666667,28.1269072355,keep,,0.0,0.0,10.0
65123_grid9_p5_C_x0_y0_v2__govee-29,9.0,105.75,186.0,26.0,285.25,18.0,11.0,30.0,,,,23.777788162231445,29,23,47,0.489362,7.8127018247,15.9650863375,4,2026-04-27 18:14:28.442,2026-04-27 18:15:58.421,T6ncwg==,COMPACT,25.7125,47.6225,0.50075,4.19225,-1,180.25,31.0,1.0,30,671.0,28.2196138439,keep,,0.0,0.0,10.0
65123_grid9_p5_C_x0_y0_v2__govee-30,12.0,136.6666666667,243.3333333333,34.0,376.3333333333,24.0,14.0,40.0,,,,31.41633669535319,30,30,60,0.5,10.4721122318,20.9442244636,3,2026-04-27 18:17:28.296,2026-04-27 18:18:28.270,T6ncwg==,COMPACT,25.7533333333,47.72,0.5486666667,4.192,-1,242.6666666667,43.0,1.0,30,880.3333333333,28.021514471,keep,,0.0,0.0,10.0
65123_grid9_p5_C_x0_y0_v2__govee-32,2.0,27.0,46.0,7.0,87.0,6.0,3.3333333333,11.3333333333,,,,7.1151383717854815,32,12,18,0.666667,2.8460553487,4.2690830231,3,2026-04-27 18:22:58.230,2026-04-27 18:23:58.269,T6ncwg==,COMPACT,25.7466666667,47.8033333333,0.2836666667,4.1793333333,-1,72.0,11.0,1.0,30,189.6666666666,26.6567783725,keep,,0.0,0.0,10.0
65123_grid9_p5_C_x0_y0_v2__govee-33,6.0,60.0,103.0,15.0,188.0,13.0,7.0,24.0,,,,15.360535621643066,33,20,30,0.666667,6.1442142487,9.216321373,3,2026-04-27 18:25:58.153,2026-04-27 18:26:58.171,T6ncwg==,COMPACT,25.6733333333,47.9033333333,0.4173333333,4.1656666667,-1,149.0,23.0,1.0,30,416.0,27.0823889379,keep,,0.0,0.0,10.0
65123_grid9_p5_C_x0_y0_v2__govee-34,9.0,93.0,162.3333333333,24.0,288.6666666667,20.0,11.0,36.0,,,,23.69994354248047,34,28,42,0.666667,9.479977417,14.2199661255,3,2026-04-27 18:28:28.141,2026-04-27 18:29:28.162,T6ncwg==,COMPACT,25.8033333333,47.9633333333,0.4986666667,4.1616666667,-1,223.6666666667,36.0,1.0,30,644.0,27.1730605115,keep,,0.0,0.0,10.0
65123_grid9_p5_C_x0_y0_v2__govee-35,12.0,122.6666666667,217.0,32.0,385.3333333333,27.0,14.0,47.0,,,,31.734634399414062,35,36,54,0.666667,12.6938537598,19.0407806396,3,2026-04-27 18:31:28.053,2026-04-27 18:32:28.068,T6ncwg==,COMPACT,25.83,47.9933333333,0.5513333333,4.154,-1,299.3333333333,49.0,1.0,30,857.0,27.0051953085,keep,,0.0,0.0,10.0
65123_grid9_p5_C_x0_y0_v2__govee-37,2.0,42.0,73.0,9.0,84.0,3.0,3.0,5.0,,,,7.277790546417236,37,6,24,0.25,1.4555581093,5.8222324371,3,2026-04-27 18:36:57.912,2026-04-27 18:37:57.953,T6ncwg==,COMPACT,25.7966666667,48.11,0.282,4.1443333333,-1,23.0,6.0,1.0,30,221.0,30.3663589369,keep,,0.0,0.0,10.0
65123_grid9_p5_C_x0_y0_v2__govee-38,5.0,86.0,151.0,19.0,178.6666666667,8.0,7.0,12.0,,,,15.447733243306478,38,10,40,0.25,3.0895466487,12.3581865946,3,2026-04-27 18:39:57.893,2026-04-27 18:40:57.937,T6ncwg==,COMPACT,25.7633333333,48.0966666667,0.4193333333,4.1276666667,-1,57.0,14.0,1.0,30,466.6666666667,30.2093944345,keep,,0.0,0.0,10.0
65123_grid9_p5_C_x0_y0_v2__govee-39,8.0,126.5,224.0,28.0,271.75,13.0,11.0,19.0,,,,23.49088859558105,39,14,56,0.25,4.6981777191,18.7927108765,4,2026-04-27 18:42:27.843,2026-04-27 18:43:57.860,T6ncwg==,COMPACT,25.89,48.2075,0.49575,4.124,-1,97.0,23.0,1.0,30,701.25,29.8519997295,keep,,0.0,0.0,10.0
65123_grid9_p5_C_x0_y0_v2__govee-40,11.0,166.6666666667,299.0,38.0,365.3333333333,18.0,15.0,26.3333333333,,,,31.718093872070312,40,18,72,0.25,6.3436187744,25.3744750977,3,2026-04-27 18:45:27.749,2026-04-27 18:46:27.736,T6ncwg==,COMPACT,25.8733333333,48.24,0.552,4.1216666667,-1,135.6666666667,31.0,1.0,30,939.3333333333,29.6150625294,keep,,0.0,0.0,10.0
65123_grid9_p5_C_x0_y0_v2__govee-42,2.0,57.0,101.0,12.0,99.25,3.0,4.0,3.0,,,,8.96334139506022,42,0,30,0.0,0.0,8.9633413951,4,2026-04-27 18:50:57.663,2026-04-27 18:52:27.631,T6ncwg==,COMPACT,25.95,48.26,0.3215,4.10925,-1,4.0,5.0,1.0,30,281.25,31.3778074051,keep,,0.0,0.0,10.0
65123_grid9_p5_C_x0_y0_v2__govee-43,5.0,111.0,196.0,23.0,193.0,6.0,8.0,6.0,,,,17.484874089558918,43,0,50,0.0,0.0,17.4848740896,3,2026-04-27 18:53:57.680,2026-04-27 18:54:57.596,T6ncwg==,COMPACT,25.9033333333,48.3266666667,0.436,4.0973333333,-1,9.0,10.0,1.0,30,548.0,31.3413752477,keep,,0.0,0.0,10.0
65123_grid9_p5_C_x0_y0_v2__govee-44,8.0,160.25,286.0,34.0,280.5,9.0,12.0,9.0,,,,25.614158630371094,44,0,70,0.0,0.0,25.6141586304,4,2026-04-27 18:56:27.551,2026-04-27 18:57:57.528,T6ncwg==,COMPACT,25.91,48.3125,0.50825,4.0885,-1,13.0,15.0,1.0,30,798.75,31.1839249349,keep,,0.0,0.0,10.0
65123_grid9_p5_C_x0_y0_v2__govee-45,10.0,210.3333333333,380.3333333333,46.0,371.3333333333,12.0,16.0,12.0,,,,34.020835876464844,45,0,90,0.0,0.0,34.0208358765,3,2026-04-27 18:59:27.470,2026-04-27 19:00:27.466,T6ncwg==,COMPACT,25.97,48.4,0.5663333333,4.084,-1,17.0,20.0,1.0,30,1057.9999999999,31.0985892246,keep,,0.0,0.0,10.0
35534_grid9_p5_C_x0_y0_z6__govee-02,4.0,3.0,4.0,4.0,111.0,12.75,3.0,23.25,,,,8.11921755472819,2,30,0,inf,8.1192175547,0.0,4,2026-04-29 14:02:41.477,2026-04-29 14:04:11.456,T6ncwg==,COMPACT,27.0675,46.5375,0.28725,4.16175,-1,180.5,26.0,1.0,30,165.0,20.3221552924,keep,,0.0,0.0,6.0
35534_grid9_p5_C_x0_y0_z6__govee-03,7.0,6.0,7.0,8.0,202.5,23.0,6.0,43.0,,,,14.94664510091146,3,50,0,inf,14.9466451009,0.0,4,2026-04-29 14:05:41.394,2026-04-29 14:07:11.359,T6ncwg==,COMPACT,26.95,46.5,0.39275,4.1485,-1,329.5,47.0,1.0,30,302.5,20.2386554279,keep,,0.0,0.0,6.0
35534_grid9_p5_C_x0_y0_z6__govee-04,11.0,9.0,10.0,11.0,289.3333333333,33.0,8.3333333333,61.6666666667,,,,21.44200325012207,4,70,0,inf,21.4420032501,0.0,3,2026-04-29 14:08:41.316,2026-04-29 14:09:41.356,T6ncwg==,COMPACT,26.88,46.38,0.4593333333,4.134,-1,471.0,67.0,1.0,30,433.3333333333,20.2095545028,keep,,0.0,0.0,6.0
35534_grid9_p5_C_x0_y0_z6__govee-05,14.0,12.0,13.3333333333,14.3333333333,374.0,43.0,11.0,78.3333333333,,,,27.82653872172038,5,90,0,inf,27.8265387217,0.0,3,2026-04-29 14:11:41.309,2026-04-29 14:12:41.304,T6ncwg==,COMPACT,26.8466666667,46.3233333333,0.511,4.1223333333,-1,609.0,88.6666666667,1.0,30,559.9999999999,20.1246732697,keep,,0.0,0.0,6.0
35534_grid9_p5_C_x0_y0_z6__govee-07,3.0,6.0,8.0,4.0,94.3333333333,10.0,3.0,20.3333333333,,,,6.912534077962239,7,24,6,4.0,5.5300272624,1.3825068156,3,2026-04-29 14:17:11.171,2026-04-29 14:18:11.202,T6ncwg==,COMPACT,26.6466666667,46.3366666667,0.268,4.1066666667,-1,145.6666666667,19.0,1.0,30,148.6666666666,21.5068258601,keep,,0.0,0.0,6.0
35534_grid9_p5_C_x0_y0_z6__govee-08,6.0,12.0,18.0,8.0,175.0,19.0,5.0,38.0,,,,12.94980525970459,8,40,10,4.0,10.3598442078,2.5899610519,3,2026-04-29 14:20:11.085,2026-04-29 14:21:11.123,T6ncwg==,COMPACT,26.6466666667,46.3266666667,0.3736666667,4.0916666667,-1,267.0,36.0,1.0,30,281.0,21.6991680079,keep,,0.0,0.0,6.0
35534_grid9_p5_C_x0_y0_z6__govee-09,9.0,19.0,28.0,11.0,255.3333333333,28.0,8.0,53.6666666667,,,,18.93597221374512,9,56,14,4.0,15.148777771,3.7871944427,3,2026-04-29 14:23:11.049,2026-04-29 14:24:11.106,T6ncwg==,COMPACT,26.4766666667,46.35,0.4416666667,4.0773333333,-1,385.6666666667,52.3333333333,1.0,30,412.0,21.7575308703,keep,,0.0,0.0,6.0
35534_grid9_p5_C_x0_y0_z6__govee-10,12.0,28.25,45.0,16.0,338.25,36.0,10.0,68.5,,,,25.29252560933431,10,72,18,4.0,20.2340204875,5.0585051219,4,2026-04-29 14:25:41.006,2026-04-29 14:27:10.987,T6ncwg==,COMPACT,26.4075,46.395,0.50175,4.071,-1,499.75,70.0,1.0,30,554.0,21.903704223,keep,,0.0,0.0,6.0
35534_grid9_p5_C_x0_y0_z6__govee-12,2.0,11.0,18.0,4.0,78.0,7.6666666667,2.0,15.0,,,,5.8951772054036455,12,18,12,1.5,3.5371063232,2.3580708822,3,2026-04-29 14:31:40.843,2026-04-29 14:32:40.854,T6ncwg==,COMPACT,26.22,46.52,0.2473333333,4.06,-1,103.0,14.0,1.0,30,137.6666666667,23.3524221359,keep,,0.0,0.0,6.0
35534_grid9_p5_C_x0_y0_z6__govee-13,5.0,27.0,46.0,9.0,158.0,15.0,5.0,29.0,,,,12.108513196309408,13,30,20,1.5,7.2651079178,4.8434052785,4,2026-04-29 14:34:10.902,2026-04-29 14:35:40.867,T6ncwg==,COMPACT,26.2025,46.645,0.3625,4.038,-1,194.0,27.0,1.0,30,294.0,24.280437675,keep,,0.0,0.0,6.0
35534_grid9_p5_C_x0_y0_z6__govee-14,8.0,44.0,76.0,15.0,240.6666666667,22.0,8.0,42.0,,,,18.602078755696613,14,42,28,1.5,11.1612472534,7.4408315023,3,2026-04-29 14:37:10.780,2026-04-29 14:38:10.713,T6ncwg==,COMPACT,26.0166666667,46.7166666667,0.4426666667,4.0363333333,-1,285.6666666667,40.0,1.0,30,455.6666666667,24.4954702456,keep,,0.0,0.0,6.0
35534_grid9_p5_C_x0_y0_z6__govee-15,11.0,62.0,108.0,21.0,322.3333333333,29.0,11.0,54.3333333333,,,,25.15041160583496,15,54,36,1.5,15.0902469635,10.0601646423,3,2026-04-29 14:40:10.778,2026-04-29 14:41:10.673,T6ncwg==,COMPACT,26.03,46.7533333333,0.5016666667,4.0256666667,-1,374.0,54.6666666667,1.0,30,618.6666666666,24.5986696505,keep,,0.0,0.0,6.0
35534_grid9_p5_C_x0_y0_z6__govee-17,3.0,9.0,15.0,4.0,84.6666666667,8.6666666667,2.0,17.6666666667,,,,6.309774557749431,17,20,10,2.0,4.2065163718,2.1032581859,3,2026-04-29 14:45:40.677,2026-04-29 14:46:40.584,T6ncwg==,COMPACT,25.9566666667,46.9166666667,0.2553333333,4.0083333333,-1,119.0,15.0,1.0,30,144.0000000001,22.8217345457,keep,,0.0,0.0,6.0
35534_grid9_p5_C_x0_y0_z6__govee-18,5.0,21.0,34.0,9.0,162.0,16.0,5.0,32.0,,,,12.222424825032553,18,33,17,1.941176,8.0668003845,4.1556244405,3,2026-04-29 14:48:40.555,2026-04-29 14:49:40.555,T6ncwg==,COMPACT,25.8066666667,47.0433333333,0.3703333333,3.9913333333,-1,219.0,29.0,1.0,30,284.0,23.235978463,keep,,0.0,0.0,6.0
35534_grid9_p5_C_x0_y0_z6__govee-19,9.0,36.0,60.0,14.0,249.25,24.0,8.0,47.25,,,,19.007041295369465,19,47,23,2.043478,12.761870584,6.2451707113,4,2026-04-29 14:51:10.510,2026-04-29 14:52:40.527,T6ncwg==,COMPACT,25.78,47.1725,0.48025,3.99025,-1,325.0,44.0,1.0,30,447.5,23.5439063369,keep,,0.0,0.0,6.0
35534_grid9_p5_C_x0_y0_z6__govee-20,11.3333333333,50.3333333333,85.6666666667,19.0,328.0,31.6666666667,11.0,60.0,,,,25.197670618693035,20,60,30,2.0,16.7984470791,8.3992235396,3,2026-04-29 14:54:10.428,2026-04-29 14:55:10.462,T6ncwg==,COMPACT,25.7566666667,47.2,0.5023333333,3.9836666667,-1,418.3333333333,59.0,1.0,30,597.0,23.6926662402,keep,,0.0,0.0,6.0
35534_grid9_p5_C_x0_y0_z6__govee-22,2.0,14.0,24.0,4.0,70.0,6.0,2.0,12.0,,,,5.452616532643636,22,15,15,1.0,2.7263082663,2.7263082663,4,2026-04-29 14:59:40.303,2026-04-29 15:01:10.298,T6ncwg==,COMPACT,25.63,47.355,0.23225,3.9645,-1,79.25,11.0,1.0,30,134.0,24.5753573899,keep,,0.0,0.0,6.0
35534_grid9_p5_C_x0_y0_z6__govee-23,5.0,37.0,64.0,11.0,155.6666666667,13.0,5.0,25.0,,,,12.323294957478842,23,25,25,1.0,6.1616474787,6.1616474787,3,2026-04-29 15:02:40.343,2026-04-29 15:03:40.235,T6ncwg==,COMPACT,25.5466666667,47.5,0.3736666667,3.9596666667,-1,160.0,23.0,1.0,30,315.6666666667,25.6154435771,keep,,0.0,0.0,6.0
35534_grid9_p5_C_x0_y0_z6__govee-24,8.0,58.0,101.0,17.0,234.0,19.0,8.0,36.0,,,,18.629274368286133,24,35,35,1.0,9.3146371841,9.3146371841,3,2026-04-29 15:05:40.252,2026-04-29 15:06:40.254,T6ncwg==,COMPACT,25.5033333333,47.5933333333,0.446,3.94,-1,234.3333333333,34.0,1.0,30,481.0,25.8195778585,keep,,0.0,0.0,6.0
35534_grid9_p5_C_x0_y0_z6__govee-25,10.0,79.3333333333,140.0,23.0,314.3333333333,25.3333333333,11.0,46.6666666667,,,,25.14233652750651,25,45,45,1.0,12.5711682638,12.5711682638,3,2026-04-29 15:08:40.218,2026-04-29 15:09:40.130,T6ncwg==,COMPACT,25.55,47.69,0.5033333333,3.9396666667,-1,309.3333333333,47.0,1.0,30,649.6666666666,25.8395501928,keep,,0.0,0.0,6.0
35534_grid9_p5_C_x0_y0_z6__govee-27,2.0,24.3333333333,43.0,6.0,66.3333333333,4.0,2.0,7.0,,,,5.489784399668376,27,10,20,0.5,1.8299281332,3.6598562664,3,2026-04-29 15:14:10.073,2026-04-29 15:15:10.105,T6ncwg==,COMPACT,25.5333333333,47.85,0.2406666667,3.91,-1,43.0,7.0,1.0,30,154.6666666666,28.173541146,keep,,0.0,0.0,6.0
35534_grid9_p5_C_x0_y0_z6__govee-28,4.0,52.0,92.0,13.0,144.25,9.0,5.0,16.0,,,,11.95478057861328,28,17,33,0.515152,4.0646253967,7.8901551819,4,2026-04-29 15:16:40.020,2026-04-29 15:18:10.038,T6ncwg==,COMPACT,25.48,47.895,0.36275,3.90925,-1,97.0,16.0,1.0,30,335.25,28.0431746777,keep,,0.0,0.0,6.0
35534_grid9_p5_C_x0_y0_z6__govee-29,7.0,82.0,144.6666666667,20.0,223.0,14.0,9.0,24.6666666667,,,,18.503421783447266,29,23,47,0.489362,6.0796957288,12.4237260546,3,2026-04-29 15:19:39.967,2026-04-29 15:20:39.992,T6ncwg==,COMPACT,25.52,47.9,0.4516666667,3.894,-1,146.3333333333,25.0,1.0,30,524.3333333334,28.3371010762,keep,,0.0,0.0,6.0
35534_grid9_p5_C_x0_y0_z6__govee-30,9.0,106.0,189.0,27.0,294.3333333333,19.0,11.0,32.3333333333,,,,24.479001998901367,30,30,60,0.5,8.159667333,16.3193346659,3,2026-04-29 15:22:39.907,2026-04-29 15:23:39.849,T6ncwg==,COMPACT,25.5133333333,48.0833333333,0.504,3.8936666667,-1,197.3333333333,34.0,1.0,30,687.6666666666,28.0921038651,keep,,0.0,0.0,6.0
35534_grid9_p5_C_x0_y0_z6__govee-32,2.0,21.0,36.0,5.0,69.0,5.0,2.0,9.0,,,,5.60360844930013,32,12,18,0.666667,2.2414433797,3.3621650696,3,2026-04-29 15:28:09.767,2026-04-29 15:29:09.768,T6ncwg==,COMPACT,25.42,48.1133333333,0.241,3.8633333333,-1,58.0,9.0,1.0,30,149.0,26.5900091607,keep,,0.0,0.0,6.0
35534_grid9_p5_C_x0_y0_z6__govee-33,4.6666666667,46.0,80.0,12.0,148.0,11.0,5.0,20.0,,,,12.074602444966636,33,20,30,0.666667,4.829840978,7.244761467,3,2026-04-29 15:31:09.758,2026-04-29 15:32:09.698,T6ncwg==,COMPACT,25.3966666667,48.1833333333,0.3633333333,3.865,-1,121.0,19.0,1.0,30,326.6666666667,27.0540308185,keep,,0.0,0.0,6.0
35534_grid9_p5_C_x0_y0_z6__govee-34,7.0,72.0,126.0,19.0,226.75,16.0,8.0,29.0,,,,18.55368677775065,34,28,42,0.666667,7.4214747111,11.1322120667,4,2026-04-29 15:33:39.638,2026-04-29 15:35:09.603,T6ncwg==,COMPACT,25.365,48.2325,0.451,3.84825,-1,181.75,29.0,1.0,30,503.75,27.1509380337,keep,,0.0,0.0,6.0
35534_grid9_p5_C_x0_y0_z6__govee-35,10.0,95.0,169.0,25.0,303.3333333333,22.0,11.0,38.3333333333,,,,24.87228838602702,35,36,54,0.666667,9.9489153544,14.9233730316,3,2026-04-29 15:36:39.654,2026-04-29 15:37:39.551,T6ncwg==,COMPACT,25.35,48.4066666667,0.5006666667,3.8406666667,-1,243.6666666667,39.0,1.0,30,673.6666666666,27.0850295804,keep,,0.0,0.0,6.0
35534_grid9_p5_C_x0_y0_z6__govee-37,2.0,32.0,57.0,7.0,65.0,3.0,3.0,4.0,,,,5.573879877726237,37,6,24,0.25,1.1147759755,4.4591039022,3,2026-04-29 15:42:09.553,2026-04-29 15:43:09.462,T6ncwg==,COMPACT,25.31,48.5166666667,0.2406666667,3.82,-1,18.0,5.0,1.0,30,173.0,31.0376261769,keep,,0.0,0.0,6.0
35534_grid9_p5_C_x0_y0_z6__govee-38,4.25,66.0,117.0,14.75,139.0,6.0,6.0,10.0,,,,11.835596084594728,38,10,40,0.25,2.3671192169,9.4684768677,4,2026-04-29 15:44:39.529,2026-04-29 15:46:09.388,T6ncwg==,COMPACT,25.34,48.555,0.364,3.81875,-1,46.0,11.0,1.0,30,363.0,30.6701916326,keep,,0.0,0.0,6.0
35534_grid9_p5_C_x0_y0_z6__govee-39,6.0,98.0,174.0,22.0,211.0,10.0,9.0,16.0,,,,18.056365331014,39,14,56,0.25,3.6112730662,14.4450922648,3,2026-04-29 15:47:39.448,2026-04-29 15:48:39.351,T6ncwg==,COMPACT,25.31,48.6533333333,0.4423333333,3.804,-1,79.0,18.0,1.0,30,546.0,30.238643824,keep,,0.0,0.0,6.0
35534_grid9_p5_C_x0_y0_z6__govee-40,8.0,129.0,232.3333333333,30.0,283.3333333333,14.0,12.0,21.0,,,,24.266908009847004,40,18,72,0.25,4.853381602,19.4135264079,3,2026-04-29 15:50:39.371,2026-04-29 15:51:39.371,T6ncwg==,COMPACT,25.2633333333,48.64,0.5003333333,3.8026666667,-1,110.3333333333,25.0,1.0,30,729.6666666666,30.0683822748,keep,,0.0,0.0,6.0
35534_grid9_p5_C_x0_y0_z6__govee-42,2.0,44.0,78.0,9.0,76.6666666667,2.0,3.0,2.0,,,,6.801691850026448,42,0,30,0.0,0.0,6.80169185,3,2026-04-29 15:56:09.246,2026-04-29 15:57:09.239,T6ncwg==,COMPACT,25.3,48.6833333333,0.268,3.7846666667,-1,3.3333333333,4.0,1.0,30,216.6666666667,31.854819572,keep,,0.0,0.0,6.0
35534_grid9_p5_C_x0_y0_z6__govee-43,4.0,86.0,152.0,18.0,148.0,5.0,6.0,5.0,,,,13.212228775024414,43,0,50,0.0,0.0,13.212228775,4,2026-04-29 15:58:39.198,2026-04-29 16:00:09.136,T6ncwg==,COMPACT,25.2525,48.7175,0.387,3.7815,-1,7.0,8.0,1.0,30,424.0,32.0914818552,keep,,0.0,0.0,6.0
35534_grid9_p5_C_x0_y0_z6__govee-44,6.0,124.0,222.3333333333,26.0,216.0,7.0,10.0,7.0,,,,19.346717198689777,44,0,70,0.0,0.0,19.3467171987,3,2026-04-29 16:01:39.112,2026-04-29 16:02:39.052,T6ncwg==,COMPACT,25.2966666667,48.7433333333,0.45,3.765,-1,10.0,12.0,1.0,30,618.3333333333,31.9606332683,keep,,0.0,0.0,6.0
35534_grid9_p5_C_x0_y0_z6__govee-45,8.0,162.6666666667,295.6666666667,36.0,285.6666666667,9.0,13.0,9.0,,,,25.64708073933919,45,0,90,0.0,0.0,25.6470807393,3,2026-04-29 16:04:39.090,2026-04-29 16:05:38.995,T6ncwg==,COMPACT,25.2633333333,48.8566666667,0.5093333333,3.7543333333,-1,13.6666666667,16.0,1.0,30,819.0000000001,31.9334589509,keep,,0.0,0.0,6.0
04158_grid9_p5_C_x0_y0_z0__govee-02,3.3333333333,3.0,3.0,3.0,87.6666666667,10.0,2.0,18.3333333333,,,,6.4943586985270185,2,30,0,inf,6.4943586985,0.0,3,2026-04-30 10:49:17.093,2026-04-30 10:50:17.071,T6ncwg==,COMPACT,27.54,49.2233333333,0.2506666667,4.6203333333,-1,143.0,21.0,1.0,30,130.3333333333,20.0686995258,keep,,0.0,0.0,0.0
04158_grid9_p5_C_x0_y0_z0__govee-03,6.25,5.0,6.0,6.0,159.75,18.0,5.0,34.0,,,,11.892420450846354,3,50,0,inf,11.8924204508,0.0,4,2026-04-30 10:51:46.986,2026-04-30 10:53:17.007,T6ncwg==,COMPACT,27.4375,49.2675,0.34875,4.60875,-1,260.25,37.0,1.0,30,240.0,20.1809212004,keep,,0.0,0.0,0.0
04158_grid9_p5_C_x0_y0_z0__govee-04,8.0,7.0,8.0,9.0,228.0,26.0,7.0,48.0,,,,17.049343744913738,4,70,0,inf,17.0493437449,0.0,3,2026-04-30 10:54:46.932,2026-04-30 10:55:46.959,T6ncwg==,COMPACT,27.3733333333,49.28,0.4163333333,4.5936666667,-1,371.6666666667,54.0,1.0,30,341.0,20.0007698303,keep,,0.0,0.0,0.0
04158_grid9_p5_C_x0_y0_z0__govee-05,11.0,10.0,11.0,11.0,295.0,33.6666666667,9.3333333333,61.3333333333,,,,22.1085262298584,5,90,0,inf,22.1085262299,0.0,3,2026-04-30 10:57:46.950,2026-04-30 10:58:46.894,T6ncwg==,COMPACT,27.1466666667,49.4033333333,0.459,4.5886666667,-1,480.3333333333,71.0,1.0,30,442.3333333333,20.0073640701,keep,,0.0,0.0,0.0
04158_grid9_p5_C_x0_y0_z0__govee-07,2.0,4.0,6.0,3.0,74.0,8.0,2.0,16.0,,,,5.510322093963623,7,24,6,4.0,4.4082576752,1.1020644188,3,2026-04-30 11:03:16.739,2026-04-30 11:04:16.733,T6ncwg==,COMPACT,26.9833333333,49.4966666667,0.227,4.552,-1,115.0,15.0,1.0,30,115.0,20.8699233981,keep,,0.0,0.0,0.0
04158_grid9_p5_C_x0_y0_z0__govee-08,5.0,9.0,13.0,6.0,138.0,15.0,4.0,29.3333333333,,,,10.285822232564293,8,40,10,4.0,8.2286577861,2.0571644465,3,2026-04-30 11:06:16.689,2026-04-30 11:07:16.653,T6ncwg==,COMPACT,26.83,49.67,0.3253333333,4.541,-1,211.0,28.0,1.0,30,219.3333333333,21.3238502838,keep,,0.0,0.0,0.0
04158_grid9_p5_C_x0_y0_z0__govee-09,7.0,14.0,21.0,9.0,200.3333333333,22.0,6.0,42.0,,,,15.08057689666748,9,56,14,4.0,12.0644615173,3.0161153793,3,2026-04-30 11:08:46.622,2026-04-30 11:09:46.711,T6ncwg==,COMPACT,26.71,49.7033333333,0.4013333333,4.5446666667,-1,305.3333333333,42.0,1.0,30,321.3333333333,21.3077613367,keep,,0.0,0.0,0.0
04158_grid9_p5_C_x0_y0_z0__govee-10,10.0,21.0,33.0,12.0,265.0,28.3333333333,8.0,53.6666666667,,,,20.059785842895508,10,72,18,4.0,16.0478286743,4.0119571686,3,2026-04-30 11:11:46.609,2026-04-30 11:12:46.543,T6ncwg==,COMPACT,26.6033333333,49.83,0.451,4.5183333333,-1,395.0,56.0,1.0,30,431.0,21.4857727483,keep,,0.0,0.0,0.0
04158_grid9_p5_C_x0_y0_z0__govee-12,2.0,8.0,13.0,3.0,61.0,6.0,2.0,12.0,,,,4.6983536084493,12,18,12,1.5,2.8190121651,1.8793414434,3,2026-04-30 11:17:46.558,2026-04-30 11:18:46.514,T6ncwg==,COMPACT,26.41,49.93,0.204,4.5123333333,-1,81.0,11.0,1.0,30,107.0,22.7739350669,keep,,0.0,0.0,0.0
04158_grid9_p5_C_x0_y0_z0__govee-13,4.0,20.0,34.0,7.0,123.0,11.75,4.0,23.0,,,,9.634648005167644,13,30,20,1.5,5.7807888031,3.8538592021,4,2026-04-30 11:20:16.477,2026-04-30 11:21:46.462,T6ncwg==,COMPACT,26.35,50.115,0.32075,4.49425,-1,154.0,21.0,1.0,30,226.75,23.5348504562,keep,,0.0,0.0,0.0
04158_grid9_p5_C_x0_y0_z0__govee-14,6.0,32.25,56.0,11.0,186.0,17.0,6.0,33.0,,,,14.737640062967936,14,42,28,1.5,8.8425840378,5.8950560252,4,2026-04-30 11:23:16.419,2026-04-30 11:24:46.379,T6ncwg==,COMPACT,26.275,50.2325,0.3935,4.47225,-1,225.75,32.0,1.0,30,347.25,23.5621170361,keep,,0.0,0.0,0.0
04158_grid9_p5_C_x0_y0_z0__govee-15,9.0,45.6666666667,79.3333333333,16.0,249.0,23.0,8.0,42.6666666667,,,,19.897785822550457,15,54,36,1.5,11.9386714935,7.959114329,3,2026-04-30 11:26:16.287,2026-04-30 11:27:16.348,T6ncwg==,COMPACT,26.2166666667,50.29,0.4486666667,4.4593333333,-1,296.0,43.0,1.0,30,472.6666666667,23.7547368779,keep,,0.0,0.0,0.0
04158_grid9_p5_C_x0_y0_z0__govee-17,2.0,7.0,11.0,3.0,66.0,7.0,2.0,14.0,,,,5.0249738693237305,17,20,10,2.0,3.3499825795,1.6749912898,4,2026-04-30 11:31:46.247,2026-04-30 11:33:16.170,T6ncwg==,COMPACT,26.05,50.4325,0.21925,4.43975,-1,94.0,12.0,1.0,30,112.0,22.288673118,keep,,0.0,0.0,0.0
04158_grid9_p5_C_x0_y0_z0__govee-18,4.0,15.0,25.0,6.6666666667,126.0,13.0,4.0,25.0,,,,9.727739651997885,18,33,17,1.941176,6.4203081703,3.3074314817,3,2026-04-30 11:34:46.144,2026-04-30 11:35:46.198,T6ncwg==,COMPACT,26.0233333333,50.4833333333,0.3253333333,4.426,-1,173.0,23.0,1.0,30,218.6666666667,22.4786717664,keep,,0.0,0.0,0.0
04158_grid9_p5_C_x0_y0_z0__govee-19,7.0,26.5,45.0,11.0,193.75,19.0,6.0,37.25,,,,15.100675264994305,19,47,23,2.043478,10.1390248208,4.9616504442,4,2026-04-30 11:37:16.100,2026-04-30 11:38:46.110,T6ncwg==,COMPACT,25.98,50.6175,0.39775,4.41125,-1,257.0,35.0,1.0,30,345.5,22.8797715292,keep,,0.0,0.0,0.0
04158_grid9_p5_C_x0_y0_z0__govee-20,9.0,37.0,63.0,15.0,255.0,25.0,8.0,47.3333333333,,,,19.969444274902344,20,60,30,2.0,13.3129628499,6.656481425,3,2026-04-30 11:40:16.079,2026-04-30 11:41:16.018,T6ncwg==,COMPACT,25.9933333333,50.72,0.4533333333,4.4043333333,-1,331.0,47.0,1.0,30,459.3333333333,23.0018085135,keep,,0.0,0.0,0.0
04158_grid9_p5_C_x0_y0_z0__govee-22,1.0,10.0,18.0,3.0,54.0,5.0,2.0,9.3333333333,,,,4.330384413401286,22,15,15,1.0,2.1651922067,2.1651922067,3,2026-04-30 11:45:45.963,2026-04-30 11:46:45.897,T6ncwg==,COMPACT,25.8433333333,50.87,0.256,4.3796666667,-1,63.0,8.0,1.0,30,102.3333333333,23.6314663005,keep,,0.0,0.0,0.0
04158_grid9_p5_C_x0_y0_z0__govee-23,4.0,27.0,47.0,8.0,119.0,10.0,4.0,19.0,,,,9.747358004252115,23,25,25,1.0,4.8736790021,4.8736790021,3,2026-04-30 11:48:45.843,2026-04-30 11:49:45.894,T6ncwg==,COMPACT,25.81,51.0033333333,0.3183333333,4.383,-1,126.3333333333,18.0,1.0,30,238.0,24.416872746,keep,,0.0,0.0,0.0
04158_grid9_p5_C_x0_y0_z0__govee-24,6.0,42.25,74.0,13.0,179.25,15.0,6.0,28.0,,,,14.746240297953287,24,35,35,1.0,7.373120149,7.373120149,4,2026-04-30 11:51:15.875,2026-04-30 11:52:45.797,T6ncwg==,COMPACT,25.71,51.045,0.39525,4.366,-1,185.25,27.0,1.0,30,363.5,24.6503510492,keep,,0.0,0.0,0.0
04158_grid9_p5_C_x0_y0_z0__govee-25,8.0,58.0,102.6666666667,17.6666666667,240.6666666667,20.0,9.3333333333,36.6666666667,,,,19.862512588500977,25,45,45,1.0,9.9312562943,9.9312562943,3,2026-04-30 11:54:15.790,2026-04-30 11:55:15.746,T6ncwg==,COMPACT,25.6866666667,51.12,0.4513333333,4.3433333333,-1,245.0,37.0,1.0,30,493.0000000001,24.8206261823,keep,,0.0,0.0,0.0
04158_grid9_p5_C_x0_y0_z0__govee-27,1.0,18.0,31.0,4.0,50.0,3.0,2.3333333333,6.0,,,,4.305518468221028,27,10,20,0.5,1.4351728227,2.8703456455,3,2026-04-30 11:59:45.701,2026-04-30 12:00:45.603,T6ncwg==,COMPACT,25.7033333333,51.26,0.2536666667,4.326,-1,34.0,5.3333333333,1.0,30,115.3333333333,26.7873275157,keep,,0.0,0.0,0.0
04158_grid9_p5_C_x0_y0_z0__govee-28,3.0,38.0,67.0,9.0,109.0,7.0,4.0,13.0,,,,9.402863184611002,28,17,33,0.515152,3.1969734828,6.2058897018,3,2026-04-30 12:02:45.639,2026-04-30 12:03:45.548,T6ncwg==,COMPACT,25.7433333333,51.3066666667,0.312,4.3206666667,-1,77.0,13.0,1.0,30,250.0,26.5876462405,keep,,0.0,0.0,0.0
04158_grid9_p5_C_x0_y0_z0__govee-29,5.0,59.0,106.0,15.0,168.0,11.0,6.0,19.0,,,,14.508397738138834,29,23,47,0.489362,4.7670449711,9.741352767,3,2026-04-30 12:05:45.571,2026-04-30 12:06:45.492,T6ncwg==,COMPACT,25.6833333333,51.4166666667,0.3936666667,4.3026666667,-1,115.6666666667,20.0,1.0,30,389.0,26.8120578868,keep,,0.0,0.0,0.0
04158_grid9_p5_C_x0_y0_z0__govee-30,7.0,77.0,138.75,20.0,222.0,15.0,9.0,25.25,,,,19.17893091837565,30,30,60,0.5,6.3929769728,12.7859539456,4,2026-04-30 12:08:15.486,2026-04-30 12:09:45.514,T6ncwg==,COMPACT,25.6575,51.5,0.44575,4.29625,-1,155.75,27.0,1.0,30,514.0,26.8002425259,keep,,0.0,0.0,0.0
04158_grid9_p5_C_x0_y0_z0__govee-32,1.0,15.0,26.0,4.0,52.0,4.0,2.0,7.0,,,,4.4154253005981445,32,12,18,0.666667,1.7661701202,2.6492551804,3,2026-04-30 12:14:15.369,2026-04-30 12:15:15.310,T6ncwg==,COMPACT,25.58,51.43,0.2413333333,4.2626666667,-1,46.0,7.0,1.0,30,111.0,25.1391411797,keep,,0.0,0.0,0.0
04158_grid9_p5_C_x0_y0_z0__govee-33,3.0,33.0,59.0,9.0,112.0,8.0,4.0,15.0,,,,9.522608439127604,33,20,30,0.666667,3.8090433757,5.7135650635,4,2026-04-30 12:16:45.316,2026-04-30 12:18:15.352,T6ncwg==,COMPACT,25.5475,51.56,0.32125,4.26775,-1,96.0,15.0,1.0,30,243.0,25.5182182018,keep,,0.0,0.0,0.0
04158_grid9_p5_C_x0_y0_z0__govee-34,5.3333333333,52.0,92.6666666667,14.0,172.0,13.0,6.0,23.0,,,,14.62177594502767,34,28,42,0.666667,5.848710378,8.773065567,3,2026-04-30 12:19:45.289,2026-04-30 12:20:45.257,T6ncwg==,COMPACT,25.51,51.6066666667,0.395,4.246,-1,144.0,23.0,1.0,30,378.0,25.8518528407,keep,,0.0,0.0,0.0
04158_grid9_p5_C_x0_y0_z0__govee-35,7.0,69.25,124.0,19.0,230.0,17.0,9.0,30.0,,,,19.552527109781902,35,36,54,0.666667,7.8210108439,11.7315162659,4,2026-04-30 12:22:15.270,2026-04-30 12:23:45.168,T6ncwg==,COMPACT,25.5075,51.625,0.452,4.23025,-1,192.75,31.0,1.0,30,505.25,25.840649506,keep,,0.0,0.0,0.0
04158_grid9_p5_C_x0_y0_z0__govee-37,1.0,23.0,42.0,5.0,48.0,2.0,2.0,3.0,,,,4.359306812286377,37,6,24,0.25,0.8718613625,3.4874454498,3,2026-04-30 12:28:15.082,2026-04-30 12:29:15.124,T6ncwg==,COMPACT,25.47,51.6566666667,0.258,4.2123333333,-1,14.3333333333,4.0,1.0,30,126.0,28.903677907,keep,,0.0,0.0,0.0
04158_grid9_p5_C_x0_y0_z0__govee-38,3.0,48.0,86.0,11.0,103.0,5.0,4.0,7.0,,,,9.268506050109863,38,10,40,0.25,1.85370121,7.4148048401,4,2026-04-30 12:30:45.016,2026-04-30 12:32:15.024,T6ncwg==,COMPACT,25.495,51.675,0.314,4.201,-1,37.0,8.5,1.0,30,267.0,28.8072315599,keep,,0.0,0.0,0.0
04158_grid9_p5_C_x0_y0_z0__govee-39,4.0,71.0,128.0,16.0,156.6666666667,8.0,6.0,12.0,,,,14.08856201171875,39,14,56,0.25,2.8177124023,11.2708496094,3,2026-04-30 12:33:45.036,2026-04-30 12:34:45.014,T6ncwg==,COMPACT,25.52,51.8133333333,0.386,4.1783333333,-1,62.0,14.0,1.0,30,401.6666666667,28.5101251876,keep,,0.0,0.0,0.0
04158_grid9_p5_C_x0_y0_z0__govee-40,6.25,93.75,170.25,22.0,210.75,11.0,9.0,17.0,,,,18.9345219930013,40,18,72,0.25,3.7869043986,15.1476175944,4,2026-04-30 12:36:14.918,2026-04-30 12:37:44.878,T6ncwg==,COMPACT,25.485,51.69,0.4445,4.171,-1,87.0,19.0,1.0,30,540.0,28.519336279,keep,,0.0,0.0,0.0
04158_grid9_p5_C_x0_y0_z0__govee-42,1.0,32.0,57.0,7.0,56.0,2.0,2.0,2.0,,,,5.296249548594157,42,0,30,0.0,0.0,5.2962495486,3,2026-04-30 12:42:14.841,2026-04-30 12:43:14.854,T6ncwg==,COMPACT,25.43,51.7233333333,0.239,4.1633333333,-1,3.0,3.0,1.0,30,159.0,30.0212440032,keep,,0.0,0.0,0.0
04158_grid9_p5_C_x0_y0_z0__govee-43,3.0,62.0,111.0,13.0,108.0,3.0,5.0,4.0,,,,10.261221567789711,43,0,50,0.0,0.0,10.2612215678,3,2026-04-30 12:44:44.781,2026-04-30 12:45:44.709,T6ncwg==,COMPACT,25.3533333333,51.7433333333,0.3316666667,4.153,-1,5.0,6.0,1.0,30,309.0,30.1133737303,keep,,0.0,0.0,0.0
04158_grid9_p5_C_x0_y0_z0__govee-44,4.0,90.0,163.0,20.0,157.0,5.0,7.0,5.0,,,,15.002643903096518,44,0,70,0.0,0.0,15.0026439031,3,2026-04-30 12:47:44.730,2026-04-30 12:48:44.717,T6ncwg==,COMPACT,25.4466666667,51.8333333333,0.397,4.133,-1,8.0,9.0,1.0,30,451.0,30.0613680437,keep,,0.0,0.0,0.0
04158_grid9_p5_C_x0_y0_z0__govee-45,6.0,118.0,216.3333333333,26.0,208.0,7.0,9.0,7.0,,,,19.89757792154948,45,0,90,0.0,0.0,19.8975779215,3,2026-04-30 12:50:44.618,2026-04-30 12:51:44.658,T6ncwg==,COMPACT,25.3533333333,51.78,0.447,4.1203333333,-1,10.0,12.0,1.0,30,597.3333333333,30.0204042768,keep,,0.0,0.0,0.0
