PPFD,CO2,T,Pn
1900,2200,36,20.79844467
1700,2200,36,20.1727026
1500,2200,36,19.36522707
1300,2200,36,18.84446075
1100,2200,36,17.52305939
1000,2200,36,16.61159726
900,2200,36,16.01714345
800,2200,36,15.00033438
700,2200,36,13.44549918
600,2200,36,12.07752753
500,2200,36,10.6694807
400,2200,36,8.759101167
300,2200,36,6.913700666
200,2200,36,4.615194398
100,2200,36,1.507998573
50,2200,36,0.048452743
20,2200,36,-0.468786109
0,2200,36,-1.463956747
1900,1900,36,20.72144787
1700,1900,36,20.04248222
1500,1900,36,19.56527661
1300,1900,36,18.88025911
1100,1900,36,17.20545038
1000,1900,36,16.44748089
900,1900,36,16.04474771
800,1900,36,14.75975929
700,1900,36,13.76721917
600,1900,36,12.55782834
500,1900,36,10.83969357
400,1900,36,8.802708622
300,1900,36,7.123842253
200,1900,36,4.564358486
100,1900,36,1.960675001
50,1900,36,0.031959506
20,1900,36,-0.86153235
0,1900,36,-1.726420379
1900,1600,36,19.60136465
1700,1600,36,19.2297481
1500,1600,36,18.68745085
1300,1600,36,18.21326115
1100,1600,36,16.82349875
1000,1600,36,16.60396522
900,1600,36,15.54886167
800,1600,36,14.89941639
700,1600,36,13.8133734
600,1600,36,12.42308713
500,1600,36,11.02886903
400,1600,36,9.211369554
300,1600,36,7.175233008
200,1600,36,4.504252027
100,1600,36,1.800574007
50,1600,36,0.152959199
20,1600,36,-0.879912207
0,1600,36,-1.492894232
1900,1300,36,18.13725622
1700,1300,36,18.0295605
1500,1300,36,17.33829237
1300,1300,36,16.54995326
1100,1300,36,15.74841617
1000,1300,36,15.55121047
900,1300,36,14.78153454
800,1300,36,13.77565208
700,1300,36,12.84739392
600,1300,36,12.06967179
500,1300,36,10.62520601
400,1300,36,9.07272601
300,1300,36,7.050734236
200,1300,36,4.562086606
100,1300,36,1.693955369
50,1300,36,0.129439091
20,1300,36,-1.010132878
0,1300,36,-1.402247466
1900,1000,36,15.94591663
1700,1000,36,15.83019357
1500,1000,36,15.3553635
1300,1000,36,14.83480057
1100,1000,36,14.36700281
1000,1000,36,14.021325
900,1000,36,13.35435505
800,1000,36,12.74034095
700,1000,36,11.87908274
600,1000,36,10.67096534
500,1000,36,9.932717566
400,1000,36,8.51033462
300,1000,36,6.758393082
200,1000,36,4.615076406
100,1000,36,1.930522523
50,1000,36,0.177229939
20,1000,36,-0.804515678
0,1000,36,-1.466216493
1900,800,36,14.1838079
1700,800,36,13.87966483
1500,800,36,13.57159879
1300,800,36,13.19026062
1100,800,36,12.94563551
1000,800,36,12.26557524
900,800,36,11.79770981
800,800,36,11.3223256
700,800,36,10.87507501
600,800,36,10.20114148
500,800,36,9.3097661
400,800,36,7.950548719
300,800,36,6.18228062
200,800,36,4.235234527
100,800,36,1.766166283
50,800,36,0.173033935
20,800,36,-0.873985799
0,800,36,-1.485437754
1900,600,36,12.92343138
1700,600,36,12.49244743
1500,600,36,12.38680803
1300,600,36,11.77025683
1100,600,36,11.44164184
1000,600,36,11.02033836
900,600,36,10.80395738
800,600,36,10.10828604
700,600,36,9.485059815
600,600,36,8.833566723
500,600,36,8.34558265
400,600,36,7.212663122
300,600,36,5.976044873
200,600,36,4.123184998
100,600,36,1.728628616
50,600,36,0.162281812
20,600,36,-0.980070993
0,600,36,-1.69751885
1900,400,36,10.12659261
1700,400,36,10.05399337
1500,400,36,10.18020995
1300,400,36,10.10242041
1100,400,36,9.912596236
1000,400,36,9.962441291
900,400,36,9.732007498
800,400,36,9.341368926
700,400,36,8.945071144
600,400,36,8.534501201
500,400,36,8.061284717
400,400,36,7.017970308
300,400,36,5.63181783
200,400,36,3.874011188
100,400,36,1.592968993
50,400,36,0.057365068
20,400,36,-0.676652141
0,400,36,-1.855246697
1900,200,36,3.004456533
1700,200,36,3.116896508
1500,200,36,3.119388969
1300,200,36,3.056986436
1100,200,36,3.04563234
1000,200,36,3.012962139
900,200,36,2.964116219
800,200,36,2.898594585
700,200,36,2.704944444
600,200,36,2.660373968
500,200,36,2.458622775
400,200,36,2.165782812
300,200,36,1.722499073
200,200,36,1.075056249
100,200,36,0.200539822
50,200,36,-0.87749635
20,200,36,-0.859630032
0,200,36,-1.710073492
1900,0,36,-2.045557989
1700,0,36,-2.09667803
1500,0,36,-2.219732179
1300,0,36,-2.220437481
1100,0,36,-2.23792432
1000,0,36,-2.264892394
900,0,36,-2.178441387
800,0,36,-2.257126277
700,0,36,-2.2714175
600,0,36,-2.21677039
500,0,36,-2.270200707
400,0,36,-2.274517237
300,0,36,-2.232156661
200,0,36,-2.119985507
100,0,36,-2.163174982
50,0,36,-2.059004932
20,0,36,-2.006647071
0,0,36,-2.086922695
1900,2200,34,29.4211045
1700,2200,34,28.73762245
1500,2200,34,28.24319116
1300,2200,34,27.59086044
1100,2200,34,26.11180796
1000,2200,34,26.09777687
900,2200,34,25.14183309
800,2200,34,24.49587961
700,2200,34,23.50458968
600,2200,34,22.19826115
500,2200,34,20.4561505
400,2200,34,17.21695957
300,2200,34,13.36328916
200,2200,34,8.777943862
100,2200,34,3.614830667
50,2200,34,0.64720281
20,2200,34,-0.740853277
0,2200,34,-1.679160582
1900,1900,34,29.96925787
1700,1900,34,29.39220739
1500,1900,34,28.52026468
1300,1900,34,27.33307516
1100,1900,34,26.68591227
1000,1900,34,25.79155133
900,1900,34,25.20611205
800,1900,34,24.62648503
700,1900,34,23.98002667
600,1900,34,22.31773171
500,1900,34,20.11677119
400,1900,34,17.08863856
300,1900,34,13.41195101
200,1900,34,8.429273719
100,1900,34,3.627176862
50,1900,34,0.815725684
20,1900,34,-0.651964824
0,1900,34,-1.714167665
1900,1600,34,29.89700935
1700,1600,34,29.74622022
1500,1600,34,29.03642266
1300,1600,34,28.14292419
1100,1600,34,27.28076339
1000,1600,34,26.73181804
900,1600,34,25.88932804
800,1600,34,25.10306273
700,1600,34,23.90974488
600,1600,34,22.78498077
500,1600,34,20.6618367
400,1600,34,17.61001483
300,1600,34,13.49869763
200,1600,34,8.990572114
100,1600,34,3.673334605
50,1600,34,0.78385125
20,1600,34,-0.91289462
0,1600,34,-1.785022222
1900,1300,34,30.2904779
1700,1300,34,29.48359007
1500,1300,34,28.88102941
1300,1300,34,27.92087318
1100,1300,34,26.87513534
1000,1300,34,26.33777328
900,1300,34,25.80314604
800,1300,34,24.95250454
700,1300,34,24.16711055
600,1300,34,22.75777008
500,1300,34,20.53691519
400,1300,34,17.46760825
300,1300,34,13.50395397
200,1300,34,8.769184112
100,1300,34,3.491405741
50,1300,34,0.69115538
20,1300,34,-0.728112192
0,1300,34,-1.620430277
1900,1000,34,27.92699081
1700,1000,34,27.33454019
1500,1000,34,26.5138734
1300,1000,34,25.57857885
1100,1000,34,24.2748451
1000,1000,34,23.51610109
900,1000,34,22.71889098
800,1000,34,21.66083742
700,1000,34,20.2527482
600,1000,34,18.66527116
500,1000,34,16.37316049
400,1000,34,13.82029758
300,1000,34,10.88280002
200,1000,34,7.191090557
100,1000,34,2.950533536
50,1000,34,0.979877843
20,1000,34,-0.425961377
0,1000,34,-1.182146668
1900,800,34,21.26079645
1700,800,34,21.23021299
1500,800,34,21.02227101
1300,800,34,20.60213005
1100,800,34,20.07995254
1000,800,34,19.89478055
900,800,34,19.23300844
800,800,34,18.90383917
700,800,34,16.34573409
600,800,34,14.24754226
500,800,34,12.04509097
400,800,34,10.27825454
300,800,34,8.092166632
200,800,34,5.317118437
100,800,34,2.264097255
50,800,34,0.640907792
20,800,34,-0.292965753
0,800,34,-0.889445638
1900,600,34,14.45500138
1700,600,34,14.34475129
1500,600,34,14.22823374
1300,600,34,13.93527275
1100,600,34,13.75194246
1000,600,34,13.26889011
900,600,34,13.14095772
800,600,34,12.76435287
700,600,34,12.10856468
600,600,34,11.65005534
500,600,34,10.41241429
400,600,34,8.93740107
300,600,34,7.193002126
200,600,34,4.619991537
100,600,34,2.174032104
50,600,34,0.591331399
20,600,34,-0.316882427
0,600,34,-0.964090293
1900,400,34,9.948143614
1700,400,34,9.844335102
1500,400,34,9.712782763
1300,400,34,9.641987484
1100,400,34,9.571598942
1000,400,34,9.391473223
900,400,34,9.271867365
800,400,34,9.056857733
700,400,34,8.774874181
600,400,34,8.538236489
500,400,34,7.956403719
400,400,34,7.09410137
300,400,34,5.897372837
200,400,34,4.029452419
100,400,34,1.777417022
50,400,34,0.530834243
20,400,34,-0.297663118
0,400,34,-0.912291649
1900,200,34,6.901673474
1700,200,34,6.988998686
1500,200,34,7.068374402
1300,200,34,7.084250241
1100,200,34,7.06356236
1000,200,34,7.028665541
900,200,34,7.047860368
800,200,34,6.899490258
700,200,34,6.926270929
600,200,34,6.737020469
500,200,34,6.532878494
400,200,34,6.018207996
300,200,34,5.069152094
200,200,34,3.620054031
100,200,34,1.429356334
50,200,34,0.256762796
20,200,34,-0.668705581
0,200,34,-1.340285435
1900,0,34,-2.512513738
1700,0,34,-2.391545864
1500,0,34,-2.370685743
1300,0,34,-2.212296589
1100,0,34,-2.23030215
1000,0,34,-2.201229747
900,0,34,-2.138978768
800,0,34,-2.142508615
700,0,34,-2.082396714
600,0,34,-2.092027899
500,0,34,-2.06898138
400,0,34,-2.055028205
300,0,34,-1.9662426
200,0,34,-1.907957661
100,0,34,-1.75518523
50,0,34,-1.389000705
20,0,34,-1.101056396
0,0,34,-1.101056396
1900,2200,32,40.34657019
1700,2200,32,39.30517561
1500,2200,32,37.34079664
1300,2200,32,35.76733109
1100,2200,32,33.01630562
1000,2200,32,32.32091491
900,2200,32,31.17487725
800,2200,32,30.35801198
700,2200,32,28.95848159
600,2200,32,27.15118643
500,2200,32,24.21002859
400,2200,32,20.97867911
300,2200,32,16.04886959
200,2200,32,10.76154546
100,2200,32,4.374487348
50,2200,32,1.483731238
20,2200,32,-0.481836825
0,2200,32,-1.882207925
1900,1900,32,37.97496012
1700,1900,32,36.7373284
1500,1900,32,35.85104318
1300,1900,32,35.08730305
1100,1900,32,33.8340678
1000,1900,32,33.03840993
900,1900,32,32.02666586
800,1900,32,30.96825898
700,1900,32,29.54159562
600,1900,32,27.58561856
500,1900,32,25.22784131
400,1900,32,20.95360957
300,1900,32,17.2467861
200,1900,32,12.63884001
100,1900,32,4.310943183
50,1900,32,1.154218672
20,1900,32,-0.546386427
0,1900,32,-1.683071903
1900,1600,32,37.81097057
1700,1600,32,37.1389036
1500,1600,32,35.56655745
1300,1600,32,34.76428683
1100,1600,32,33.18024201
1000,1600,32,33.07465575
900,1600,32,32.24062173
800,1600,32,31.28193475
700,1600,32,29.43498045
600,1600,32,27.51844899
500,1600,32,24.52589821
400,1600,32,20.86888634
300,1600,32,16.28596571
200,1600,32,10.81618599
100,1600,32,4.885253212
50,1600,32,1.372380797
20,1600,32,-0.493830604
0,1600,32,-1.640237281
1900,1300,32,35.23356961
1700,1300,32,34.35855029
1500,1300,32,33.41815992
1300,1300,32,32.59385804
1100,1300,32,31.4711529
1000,1300,32,30.95993607
900,1300,32,29.94212083
800,1300,32,29.37437656
700,1300,32,28.33527482
600,1300,32,26.30855624
500,1300,32,23.77842404
400,1300,32,20.08276818
300,1300,32,15.83247586
200,1300,32,10.86214034
100,1300,32,5.036661324
50,1300,32,1.747477908
20,1300,32,-0.233627532
0,1300,32,-1.587075606
1900,1000,32,32.71877079
1700,1000,32,30.90269642
1500,1000,32,29.73915892
1300,1000,32,28.83326829
1100,1000,32,25.40577487
1000,1000,32,24.98687794
900,1000,32,23.87084507
800,1000,32,22.77032338
700,1000,32,21.17312433
600,1000,32,18.16611941
500,1000,32,16.9681391
400,1000,32,14.14918691
300,1000,32,11.67109166
200,1000,32,9.589007534
100,1000,32,4.54551327
50,1000,32,0.811320009
20,1000,32,-0.638052539
0,1000,32,-1.672528486
1900,800,32,25.80175769
1700,800,32,24.71564992
1500,800,32,24.85273826
1300,800,32,23.07476
1100,800,32,21.22847404
1000,800,32,20.11586805
900,800,32,19.39533058
800,800,32,18.06719555
700,800,32,17.63774044
600,800,32,16.72366163
500,800,32,14.47184096
400,800,32,12.59767458
300,800,32,10.5374298
200,800,32,6.431923021
100,800,32,3.430484465
50,800,32,1.036193069
20,800,32,-0.634147263
0,800,32,-1.641825394
1900,600,32,21.67684302
1700,600,32,20.67086891
1500,600,32,19.39050797
1300,600,32,18.39846218
1100,600,32,17.4322999
1000,600,32,16.99601478
900,600,32,16.47716697
800,600,32,15.94210207
700,600,32,14.94967854
600,600,32,14.63149116
500,600,32,12.11356874
400,600,32,11.12172378
300,600,32,8.88905024
200,600,32,5.985219751
100,600,32,2.295511545
50,600,32,0.971957919
20,600,32,-0.576844593
0,600,32,-1.660997278
1900,400,32,16.71320216
1700,400,32,16.12797911
1500,400,32,15.73518343
1300,400,32,15.28814297
1100,400,32,14.20187501
1000,400,32,13.0457573
900,400,32,12.53301692
800,400,32,12.69240094
700,400,32,11.93890937
600,400,32,10.90757312
500,400,32,10.02105237
400,400,32,9.42323312
300,400,32,6.517030744
200,400,32,5.623279305
100,400,32,1.848603408
50,400,32,0.755275189
20,400,32,-0.657337452
0,400,32,-1.723693473
1900,200,32,8.770276245
1700,200,32,8.677067164
1500,200,32,8.755977326
1300,200,32,8.576985883
1100,200,32,8.487505095
1000,200,32,7.354916977
900,200,32,7.230079586
800,200,32,7.999185715
700,200,32,7.871235929
600,200,32,7.540604239
500,200,32,7.121659236
400,200,32,6.621178016
300,200,32,5.657661444
200,200,32,3.993213835
100,200,32,2.626213533
50,200,32,0.340123643
20,200,32,-0.836042164
0,200,32,-1.696718778
1900,0,32,-2.941831237
1700,0,32,-2.884023302
1500,0,32,-2.812798405
1300,0,32,-2.779071712
1100,0,32,-2.745097096
1000,0,32,-2.76638363
900,0,32,-2.737193913
800,0,32,-2.727681342
700,0,32,-2.672628775
600,0,32,-2.634043002
500,0,32,-2.645295571
400,0,32,-2.673189962
300,0,32,-2.592840056
200,0,32,-2.457077001
100,0,32,-2.38326936
50,0,32,-2.098320357
20,0,32,-1.761064774
0,0,32,-1.611940624
1900,2200,30,40.29645332
1700,2200,30,39.8881154
1500,2200,30,37.39339419
1300,2200,30,35.12186695
1100,2200,30,33.73564386
1000,2200,30,31.95539606
900,2200,30,31.0388273
800,2200,30,30.6434506
700,2200,30,28.74684898
600,2200,30,27.37658689
500,2200,30,23.83995745
400,2200,30,20.87301308
300,2200,30,15.79698945
200,2200,30,10.57432178
100,2200,30,4.160192763
50,2200,30,0.574217767
20,2200,30,-0.760291386
0,2200,30,-1.715874748
1900,1900,30,38.58245046
1700,1900,30,37.14573138
1500,1900,30,36.30359042
1300,1900,30,34.82643418
1100,1900,30,34.21272133
1000,1900,30,33.4091446
900,1900,30,32.98039558
800,1900,30,30.56820467
700,1900,30,29.11075489
600,1900,30,27.12316524
500,1900,30,25.28356813
400,1900,30,20.54561745
300,1900,30,17.487803
200,1900,30,12.9447391
100,1900,30,4.254695549
50,1900,30,0.218121908
20,1900,30,-1.166661559
0,1900,30,-2.136644938
1900,1600,30,38.62741993
1700,1600,30,37.25657187
1500,1600,30,36.49056707
1300,1600,30,34.63267632
1100,1600,30,33.6555069
1000,1600,30,33.91949977
900,1600,30,32.71152561
800,1600,30,31.4681955
700,1600,30,29.25887216
600,1600,30,27.30196571
500,1600,30,24.27545753
400,1600,30,20.04697803
300,1600,30,16.10712319
200,1600,30,10.60584484
100,1600,30,4.211119478
50,1600,30,0.015102714
20,1600,30,-1.182221201
0,1600,30,-2.231383468
1900,1300,30,36.1634144
1700,1300,30,35.78388219
1500,1300,30,34.80201512
1300,1300,30,33.50197216
1100,1300,30,32.46752365
1000,1300,30,31.03901047
900,1300,30,30.06745346
800,1300,30,29.13510559
700,1300,30,28.44577981
600,1300,30,26.12996922
500,1300,30,23.33388867
400,1300,30,20.84595051
300,1300,30,15.34819846
200,1300,30,10.38062669
100,1300,30,4.209710596
50,1300,30,1.030584996
20,1300,30,0.21877758
0,1300,30,-2.052924942
1900,1000,30,32.30977869
1700,1000,30,29.95274821
1500,1000,30,29.75895311
1300,1000,30,28.24947843
1100,1000,30,25.52246777
1000,1000,30,25.04940818
900,1000,30,24.53668232
800,1000,30,21.92673548
700,1000,30,20.29554998
600,1000,30,18.63988872
500,1000,30,17.04765401
400,1000,30,14.31052907
300,1000,30,11.13740642
200,1000,30,9.669794672
100,1000,30,4.631731439
50,1000,30,1.046386451
20,1000,30,-0.553236015
0,1000,30,-1.63658702
1900,800,30,26.36874523
1700,800,30,24.91179234
1500,800,30,24.25195986
1300,800,30,23.58967445
1100,800,30,21.57229095
1000,800,30,20.78927271
900,800,30,19.33915947
800,800,30,18.23060744
700,800,30,17.27277923
600,800,30,17.00688193
500,800,30,15.10533694
400,800,30,12.79636319
300,800,30,10.13805345
200,800,30,6.725162638
100,800,30,2.791322451
50,800,30,0.765061436
20,800,30,-0.296505267
0,800,30,-1.425735103
1900,600,30,21.20675942
1700,600,30,20.01727259
1500,600,30,19.58320969
1300,600,30,18.44057936
1100,600,30,17.66745198
1000,600,30,17.40308071
900,600,30,16.88821551
800,600,30,16.29665367
700,600,30,15.55151364
600,600,30,14.66828351
500,600,30,12.31647877
400,600,30,11.50154829
300,600,30,9.204648649
200,600,30,6.11447465
100,600,30,2.484822205
50,600,30,0.519387773
20,600,30,-0.557002341
0,600,30,-1.353330841
1900,400,30,16.92637565
1700,400,30,16.81820369
1500,400,30,16.05099523
1300,400,30,15.90224771
1100,400,30,14.79398201
1000,400,30,13.56054863
900,400,30,12.42001601
800,400,30,12.98261933
700,400,30,11.6157402
600,400,30,10.80354392
500,400,30,10.13260186
400,400,30,9.47473056
300,400,30,6.430680693
200,400,30,5.570314476
100,400,30,1.801869531
50,400,30,0.565403648
20,400,30,-0.426169701
0,400,30,-1.171364789
1900,200,30,9.669374786
1700,200,30,8.671518291
1500,200,30,8.66730267
1300,200,30,8.669719148
1100,200,30,8.648097929
1000,200,30,7.638682481
900,200,30,7.573993326
800,200,30,7.563559359
700,200,30,7.404914864
600,200,30,7.24707008
500,200,30,6.934629513
400,200,30,6.427451122
300,200,30,5.25908793
200,200,30,4.614809126
100,200,30,2.39358751
50,200,30,0.271237386
20,200,30,-0.395433464
0,200,30,-1.150066652
1900,0,30,-0.629132204
1700,0,30,-0.695602637
1500,0,30,-0.578996385
1300,0,30,-0.623876577
1100,0,30,-0.602089244
1000,0,30,-0.658064133
900,0,30,-0.625437934
800,0,30,-0.625372321
700,0,30,-0.581595187
600,0,30,-0.553393565
500,0,30,-0.724261686
400,0,30,-0.788551455
300,0,30,-0.936500562
200,0,30,-1.012331338
100,0,30,-1.175256841
50,0,30,-1.27200708
20,0,30,-1.358013399
0,0,30,-1.452188789
1900,2200,28,40.0250643
1700,2200,28,39.1706892
1500,2200,28,37.05345326
1300,2200,28,35.64488488
1100,2200,28,33.0171971
1000,2200,28,32.01044075
900,2200,28,30.97617689
800,2200,28,30.63603846
700,2200,28,28.47068808
600,2200,28,26.8458463
500,2200,28,23.86502078
400,2200,28,20.83909009
300,2200,28,15.51640387
200,2200,28,10.93047569
100,2200,28,4.045206675
50,2200,28,0.520340329
20,2200,28,-1.023771918
0,2200,28,-2.161088111
1900,1900,28,38.49802497
1700,1900,28,36.81987473
1500,1900,28,35.92267932
1300,1900,28,35.60064491
1100,1900,28,34.8108738
1000,1900,28,33.73377484
900,1900,28,32.6472064
800,1900,28,30.18166612
700,1900,28,29.34374719
600,1900,28,27.32179014
500,1900,28,25.6178869
400,1900,28,20.79376455
300,1900,28,17.80332683
200,1900,28,12.68206028
100,1900,28,4.179299822
50,1900,28,0.441705915
20,1900,28,-0.928626047
0,1900,28,-1.888859162
1900,1600,28,37.73590415
1700,1600,28,36.6588696
1500,1600,28,35.8904471
1300,1600,28,35.00876526
1100,1600,28,33.60501279
1000,1600,28,33.63662678
900,1600,28,32.22512722
800,1600,28,31.40967735
700,1600,28,29.32123528
600,1600,28,27.83777179
500,1600,28,24.82476626
400,1600,28,20.364171
300,1600,28,16.15671098
200,1600,28,10.05746793
100,1600,28,4.914664922
50,1600,28,0.480694921
20,1600,28,-1.18508842
0,1600,28,-1.968415964
1900,1300,28,36.80354237
1700,1300,28,35.55465782
1500,1300,28,34.92812406
1300,1300,28,33.34613309
1100,1300,28,32.21026796
1000,1300,28,31.66701924
900,1300,28,30.97100264
800,1300,28,29.71366385
700,1300,28,28.61505414
600,1300,28,26.75129764
500,1300,28,23.20813362
400,1300,28,20.15234815
300,1300,28,15.67003192
200,1300,28,10.6628835
100,1300,28,4.110399228
50,1300,28,1.865180873
20,1300,28,0.949308305
0,1300,28,-1.801298199
1900,1000,28,31.67204949
1700,1000,28,30.76622169
1500,1000,28,29.83954992
1300,1000,28,28.15637076
1100,1000,28,25.31639891
1000,1000,28,24.76472507
900,1000,28,23.21460265
800,1000,28,21.72184177
700,1000,28,20.85460336
600,1000,28,18.55208525
500,1000,28,16.31022868
400,1000,28,14.59279536
300,1000,28,11.89294166
200,1000,28,9.81986994
100,1000,28,4.984490097
50,1000,28,0.520753946
20,1000,28,-0.828295553
0,1000,28,-1.709940096
1900,800,28,25.8309364
1700,800,28,24.36212631
1500,800,28,24.25905296
1300,800,28,23.34498717
1100,800,28,21.28167325
1000,800,28,20.59424263
900,800,28,19.09287409
800,800,28,18.29645981
700,800,28,17.33620513
600,800,28,16.39386098
500,800,28,14.28902918
400,800,28,12.78674882
300,800,28,10.7930354
200,800,28,6.478789876
100,800,28,2.561943603
50,800,28,0.929273661
20,800,28,-0.23244097
0,800,28,-0.876430676
1900,600,28,21.12953051
1700,600,28,20.53128218
1500,600,28,19.05932902
1300,600,28,18.59357336
1100,600,28,16.97071686
1000,600,28,17.36132462
900,600,28,16.68705479
800,600,28,16.06596931
700,600,28,15.07916276
600,600,28,14.5354362
500,600,28,12.56917267
400,600,28,10.9966675
300,600,28,9.33792158
200,600,28,5.985610262
100,600,28,2.042823532
50,600,28,0.598887849
20,600,28,-0.48588231
0,600,28,-1.13724704
1900,400,28,16.26323744
1700,400,28,16.44069433
1500,400,28,15.85522408
1300,400,28,15.31716295
1100,400,28,14.72896136
1000,400,28,13.2384424
900,400,28,12.69707299
800,400,28,12.17437438
700,400,28,11.42637014
600,400,28,10.71278179
500,400,28,10.06054784
400,400,28,9.033494777
300,400,28,6.768497996
200,400,28,6.057451444
100,400,28,1.868069376
50,400,28,0.078236457
20,400,28,-0.441740162
0,400,28,-1.179064429
1900,200,28,9.277303041
1700,200,28,8.11186742
1500,200,28,8.355410967
1300,200,28,8.88884036
1100,200,28,8.558613779
1000,200,28,7.344519736
900,200,28,7.089639257
800,200,28,7.707712134
700,200,28,7.315531131
600,200,28,7.885275285
500,200,28,7.329518297
400,200,28,6.75623594
300,200,28,5.548318903
200,200,28,4.719609238
100,200,28,2.29773035
50,200,28,0.019394878
20,200,28,-0.484865027
0,200,28,-1.079111221
1900,0,28,-1.874366804
1700,0,28,-2.276734946
1500,0,28,-2.539100419
1300,0,28,-2.611548242
1100,0,28,-2.675948849
1000,0,28,-2.679414039
900,0,28,-2.63570695
800,0,28,-2.618701899
700,0,28,-2.561788959
600,0,28,-2.448374578
500,0,28,-2.376422775
400,0,28,-2.250583516
300,0,28,-2.093111141
200,0,28,-1.839698619
100,0,28,-1.596213532
50,0,28,-1.311990139
20,0,28,-1.177886276
0,0,28,-1.326954016
1900,2200,26,40.07366902
1700,2200,26,39.13620629
1500,2200,26,37.19321342
1300,2200,26,35.37785185
1100,2200,26,33.57155646
1000,2200,26,31.94221078
900,2200,26,30.90420686
800,2200,26,30.58043476
700,2200,26,28.06459506
600,2200,26,27.20722199
500,2200,26,24.25429713
400,2200,26,19.96178156
300,2200,26,16.18233316
200,2200,26,10.41924022
100,2200,26,4.644651755
50,2200,26,1.363622722
20,2200,26,-0.001159115
0,2200,26,-1.241072041
1900,1900,26,38.78271163
1700,1900,26,36.9719691
1500,1900,26,36.69044194
1300,1900,26,34.77255723
1100,1900,26,33.88038869
1000,1900,26,32.38136922
900,1900,26,31.9044454
800,1900,26,29.53986199
700,1900,26,28.40672563
600,1900,26,27.89203963
500,1900,26,25.08955968
400,1900,26,20.81889904
300,1900,26,17.51067163
200,1900,26,12.32991737
100,1900,26,4.479247961
50,1900,26,1.861193467
20,1900,26,0.234623036
0,1900,26,-1.132447608
1900,1600,26,38.67075436
1700,1600,26,37.41999394
1500,1600,26,35.85970647
1300,1600,26,34.61978258
1100,1600,26,33.53256025
1000,1600,26,33.4896234
900,1600,26,32.22888124
800,1600,26,31.3238011
700,1600,26,29.87332853
600,1600,26,27.21051465
500,1600,26,24.82404378
400,1600,26,20.30857663
300,1600,26,16.41705028
200,1600,26,10.67510258
100,1600,26,4.050980421
50,1600,26,1.947584803
20,1600,26,0.212733793
0,1600,26,-0.890851239
1900,1300,26,36.34242108
1700,1300,26,35.5565798
1500,1300,26,34.80585597
1300,1300,26,33.72224613
1100,1300,26,32.08271616
1000,1300,26,30.58019714
900,1300,26,30.50480166
800,1300,26,29.89662176
700,1300,26,28.82805999
600,1300,26,26.20345666
500,1300,26,23.4863304
400,1300,26,20.70409626
300,1300,26,15.70133561
200,1300,26,10.20940065
100,1300,26,4.805847357
50,1300,26,1.922657418
20,1300,26,0.453601212
0,1300,26,-0.952798714
1900,1000,26,31.50274206
1700,1000,26,30.83960339
1500,1000,26,29.84672095
1300,1000,26,29.01004814
1100,1000,26,25.36289601
1000,1000,26,24.84107092
900,1000,26,23.97807495
800,1000,26,22.69434084
700,1000,26,20.66085897
600,1000,26,18.23863747
500,1000,26,16.98876645
400,1000,26,14.24000229
300,1000,26,11.8629354
200,1000,26,9.570390377
100,1000,26,4.262526006
50,1000,26,1.512945702
20,1000,26,-0.493725379
0,1000,26,-1.491543979
1900,800,26,26.05781807
1700,800,26,25.35020882
1500,800,26,24.38093317
1300,800,26,23.47598308
1100,800,26,21.65987219
1000,800,26,20.11480432
900,800,26,19.77251992
800,800,26,18.42911804
700,800,26,17.45879177
600,800,26,16.4278472
500,800,26,14.25885507
400,800,26,12.63106124
300,800,26,10.6886716
200,800,26,6.71860991
100,800,26,3.170456031
50,800,26,1.116921907
20,800,26,0.212686348
0,800,26,-0.568589857
1900,600,26,22.35761432
1700,600,26,20.58515971
1500,600,26,19.362677
1300,600,26,18.70216281
1100,600,26,17.33250974
1000,600,26,16.96505402
900,600,26,16.65495384
800,600,26,15.1623861
700,600,26,14.59738646
600,600,26,14.05008033
500,600,26,12.28581795
400,600,26,11.60228973
300,600,26,9.540482834
200,600,26,5.847725077
100,600,26,2.136617121
50,600,26,1.2425503
20,600,26,0.071177439
0,600,26,-0.684485274
1900,400,26,16.68618929
1700,400,26,16.2986389
1500,400,26,15.92699789
1300,400,26,15.49704928
1100,400,26,14.75212113
1000,400,26,13.39307661
900,400,26,13.10221493
800,400,26,12.85035598
700,400,26,11.66400215
600,400,26,10.91361104
500,400,26,9.74227526
400,400,26,9.58496135
300,400,26,6.624957944
200,400,26,5.977442821
100,400,26,1.918987262
50,400,26,0.082099576
20,400,26,-0.039365705
0,400,26,-0.830544168
1900,200,26,9.454301281
1700,200,26,8.793541199
1500,200,26,8.60909117
1300,200,26,8.12942151
1100,200,26,8.12205519
1000,200,26,7.05212102
900,200,26,7.97694504
800,200,26,7.83940279
700,200,26,7.55302723
600,200,26,7.0563764
500,200,26,7.349909628
400,200,26,6.159684321
300,200,26,5.71761418
200,200,26,4.738296445
100,200,26,2.233973746
50,200,26,0.70776896
20,200,26,-0.345674841
0,200,26,-1.228109071
1900,0,26,-3.111655297
1700,0,26,-3.206648884
1500,0,26,-3.217509741
1300,0,26,-3.239832374
1100,0,26,-3.251040675
1000,0,26,-3.206394175
900,0,26,-3.154994006
800,0,26,-3.12741989
700,0,26,-3.132694927
600,0,26,-3.044908842
500,0,26,-2.947326342
400,0,26,-2.869038405
300,0,26,-2.691624972
200,0,26,-2.435688658
100,0,26,-1.965099487
50,0,26,-1.398108266
20,0,26,-1.156268472
0,0,26,-1.331487412
1900,2200,24,40.1321089
1700,2200,24,39.21449938
1500,2200,24,37.40367875
1300,2200,24,36.18434245
1100,2200,24,34.5075723
1000,2200,24,33.50813583
900,2200,24,32.58775625
800,2200,24,31.66500303
700,2200,24,29.28831116
600,2200,24,27.23246927
500,2200,24,23.58497152
400,2200,24,20.67182754
300,2200,24,15.93328823
200,2200,24,10.48128408
100,2200,24,4.502841195
50,2200,24,1.34571731
20,2200,24,-0.783197186
0,2200,24,-1.649961897
1900,1900,24,38.59311686
1700,1900,24,37.6861143
1500,1900,24,36.7566079
1300,1900,24,35.50038617
1100,1900,24,33.83091398
1000,1900,24,32.28439972
900,1900,24,31.98972463
800,1900,24,29.63910839
700,1900,24,28.00426665
600,1900,24,27.99563309
500,1900,24,25.85505444
400,1900,24,20.1188559
300,1900,24,17.77303271
200,1900,24,12.89162832
100,1900,24,4.688262491
50,1900,24,0.991283609
20,1900,24,-0.408407016
0,1900,24,-1.654288751
1900,1600,24,37.9672429
1700,1600,24,37.51537021
1500,1600,24,36.08158717
1300,1600,24,35.1911744
1100,1600,24,33.77653183
1000,1600,24,33.28692073
900,1600,24,32.42102723
800,1600,24,30.91937432
700,1600,24,29.14283422
600,1600,24,27.29661633
500,1600,24,24.55881766
400,1600,24,20.07685609
300,1600,24,16.30432501
200,1600,24,10.59315244
100,1600,24,4.69184282
50,1600,24,1.040542042
20,1600,24,-0.412674612
0,1600,24,-1.445013813
1900,1300,24,36.89089749
1700,1300,24,35.21415368
1500,1300,24,34.45311732
1300,1300,24,33.58359928
1100,1300,24,32.46410552
1000,1300,24,31.54255827
900,1300,24,30.77604693
800,1300,24,29.01711171
700,1300,24,28.5409864
600,1300,24,26.95246346
500,1300,24,23.06188847
400,1300,24,20.5301608
300,1300,24,15.15711567
200,1300,24,10.93465823
100,1300,24,4.248904207
50,1300,24,2.501029864
20,1300,24,0.323075451
0,1300,24,-0.674847262
1900,1000,24,32.88861102
1700,1000,24,30.11327533
1500,1000,24,29.84324378
1300,1000,24,28.85968948
1100,1000,24,25.38983698
1000,1000,24,24.55860076
900,1000,24,23.65213305
800,1000,24,22.02493892
700,1000,24,20.58709974
600,1000,24,18.13759452
500,1000,24,16.29144439
400,1000,24,14.90391467
300,1000,24,11.80225186
200,1000,24,8.944600059
100,1000,24,4.212071842
50,1000,24,1.446715818
20,1000,24,-0.350719063
0,1000,24,-1.152559019
1900,800,24,25.92470405
1700,800,24,24.65037033
1500,800,24,24.3772124
1300,800,24,23.77542357
1100,800,24,21.50789254
1000,800,24,20.77114535
900,800,24,19.85886368
800,800,24,18.7114572
700,800,24,16.23181908
600,800,24,16.19395413
500,800,24,14.69598091
400,800,24,12.47609762
300,800,24,9.810911575
200,800,24,6.86707718
100,800,24,3.411955519
50,800,24,0.887683088
20,800,24,-0.061929786
0,800,24,-0.707621645
1900,600,24,21.19875943
1700,600,24,20.73433844
1500,600,24,19.85913004
1300,600,24,18.50909753
1100,600,24,17.38363305
1000,600,24,17.61709483
900,600,24,16.62559808
800,600,24,15.51319841
700,600,24,14.38278324
600,600,24,14.32910715
500,600,24,12.21932805
400,600,24,11.39870814
300,600,24,9.302787483
200,600,24,5.964426773
100,600,24,2.216279241
50,600,24,0.690480072
20,600,24,-0.206171696
0,600,24,-0.82406654
1900,400,24,16.73705952
1700,400,24,16.20303062
1500,400,24,15.88946082
1300,400,24,15.17651161
1100,400,24,14.14020359
1000,400,24,13.62598557
900,400,24,12.98735853
800,400,24,12.72110424
700,400,24,11.75758054
600,400,24,10.63911826
500,400,24,9.752480039
400,400,24,8.818758013
300,400,24,6.44046107
200,400,24,5.893885804
100,400,24,1.949008931
50,400,24,0.540022091
20,400,24,-0.339573215
0,400,24,-1.027246575
1900,200,24,9.56717052
1700,200,24,8.45933456
1500,200,24,8.56950426
1300,200,24,8.39188059
1100,200,24,8.45860513
1000,200,24,7.22104447
900,200,24,7.10486965
800,200,24,7.83966513
700,200,24,7.41965845
600,200,24,7.828027364
500,200,24,6.995194342
400,200,24,6.868700997
300,200,24,5.400677623
200,200,24,4.674299234
100,200,24,2.287638206
50,200,24,0.961344754
20,200,24,0.037227413
0,200,24,-0.745678334
1900,0,24,-1.566547657
1700,0,24,-1.558988922
1500,0,24,-1.689114839
1300,0,24,-1.698071289
1100,0,24,-1.779902897
1000,0,24,-1.775352483
900,0,24,-1.774747934
800,0,24,-1.696972702
700,0,24,-1.781324966
600,0,24,-1.808073778
500,0,24,-1.781052589
400,0,24,-1.744197231
300,0,24,-1.687224363
200,0,24,-1.600601863
100,0,24,-1.504404301
50,0,24,-1.198058226
20,0,24,-0.992482247
0,0,24,-0.948616811
1900,2200,22,39.65698772
1700,2200,22,38.96535104
1500,2200,22,37.29048376
1300,2200,22,36.11094446
1100,2200,22,34.44146056
1000,2200,22,33.38016417
900,2200,22,32.36844198
800,2200,22,31.62958779
700,2200,22,29.22654122
600,2200,22,27.59065815
500,2200,22,23.06909166
400,2200,22,20.1700603
300,2200,22,15.01858412
200,2200,22,9.78421995
100,2200,22,4.816732692
50,2200,22,1.93686451
20,2200,22,0.140592328
0,2200,22,-1.143602185
1900,1900,22,38.42524442
1700,1900,22,37.9253085
1500,1900,22,36.22671111
1300,1900,22,35.6623931
1100,1900,22,34.76382785
1000,1900,22,33.63380902
900,1900,22,32.16095989
800,1900,22,30.61222884
700,1900,22,29.41820809
600,1900,22,27.69414933
500,1900,22,25.95430546
400,1900,22,20.47307141
300,1900,22,17.32786216
200,1900,22,12.13350226
100,1900,22,4.930578316
50,1900,22,1.824831159
20,1900,22,-0.183562031
0,1900,22,-1.280329087
1900,1600,22,38.25727917
1700,1600,22,37.9071115
1500,1600,22,36.4978597
1300,1600,22,35.67758432
1100,1600,22,33.8645765
1000,1600,22,33.26957303
900,1600,22,32.58665127
800,1600,22,31.0682433
700,1600,22,29.98901692
600,1600,22,27.28166113
500,1600,22,24.37527447
400,1600,22,20.57915936
300,1600,22,16.92931228
200,1600,22,10.42851
100,1600,22,4.85955006
50,1600,22,1.642227183
20,1600,22,-0.318297831
0,1600,22,-1.437483601
1900,1300,22,36.00745479
1700,1300,22,35.2168952
1500,1300,22,34.11122426
1300,1300,22,33.67386806
1100,1300,22,31.68854397
1000,1300,22,31.95264495
900,1300,22,30.26554188
800,1300,22,29.99971745
700,1300,22,28.63980692
600,1300,22,26.15013221
500,1300,22,23.61091378
400,1300,22,20.19258945
300,1300,22,15.21833304
200,1300,22,10.72884168
100,1300,22,4.280584543
50,1300,22,2.13236032
20,1300,22,-0.126826568
0,1300,22,-1.227980222
1900,1000,22,32.68865944
1700,1000,22,30.33047871
1500,1000,22,29.13872331
1300,1000,22,29.12887266
1100,1000,22,25.74926305
1000,1000,22,24.7143859
900,1000,22,24.11541769
800,1000,22,22.07607637
700,1000,22,20.5434532
600,1000,22,18.45917757
500,1000,22,16.75422702
400,1000,22,13.99010192
300,1000,22,11.1618689
200,1000,22,9.096131497
100,1000,22,3.464542849
50,1000,22,1.448873499
20,1000,22,-0.288546253
0,1000,22,-1.19771177
1900,800,22,26.74846924
1700,800,22,24.97578353
1500,800,22,23.93355786
1300,800,22,23.14617667
1100,800,22,21.99951187
1000,800,22,20.62363548
900,800,22,19.58904761
800,800,22,18.13831459
700,800,22,16.56961717
600,800,22,14.19651731
500,800,22,14.45298591
400,800,22,11.61732192
300,800,22,9.39206921
200,800,22,6.062090429
100,800,22,1.630104437
50,800,22,0.263848669
20,800,22,-0.554122428
0,800,22,-1.011306179
1900,600,22,21.55444805
1700,600,22,20.0901248
1500,600,22,19.0013323
1300,600,22,18.47544545
1100,600,22,17.58575937
1000,600,22,17.50616139
900,600,22,16.12948493
800,600,22,15.83984067
700,600,22,14.41182487
600,600,22,13.9399962
500,600,22,12.11751226
400,600,22,10.93313623
300,600,22,9.318562831
200,600,22,5.985765528
100,600,22,2.435801863
50,600,22,0.248806845
20,600,22,-0.635314198
0,600,22,-1.014966068
1900,400,22,15.3828593
1700,400,22,15.29568907
1500,400,22,14.9425783
1300,400,22,14.74402233
1100,400,22,13.71385138
1000,400,22,13.59970812
900,400,22,12.6791196
800,400,22,12.53267068
700,400,22,11.50785185
600,400,22,10.01904017
500,400,22,9.561428848
400,400,22,8.789073679
300,400,22,6.188812668
200,400,22,5.698244344
100,400,22,1.803120667
50,400,22,0.105985624
20,400,22,-0.603413761
0,400,22,-1.153422738
1900,200,22,9.550825868
1700,200,22,7.724304126
1500,200,22,7.567938237
1300,200,22,7.469941295
1100,200,22,7.10902834
1000,200,22,7.751687168
900,200,22,7.378165066
800,200,22,7.002949841
700,200,22,7.376731095
600,200,22,6.943636542
500,200,22,6.984296055
400,200,22,6.086749947
300,200,22,4.910734533
200,200,22,4.38457074
100,200,22,2.456070004
50,200,22,0.14822828
20,200,22,-0.707885145
0,200,22,-1.224823406
1900,0,22,-2.351216435
1700,0,22,-2.451609793
1500,0,22,-2.479646234
1300,0,22,-2.50872238
1100,0,22,-2.482951216
1000,0,22,-2.458604217
900,0,22,-2.433971896
800,0,22,-2.433517543
700,0,22,-2.431044571
600,0,22,-2.343496856
500,0,22,-2.302832636
400,0,22,-2.136369051
300,0,22,-2.032630657
200,0,22,-1.784883262
100,0,22,-1.452539749
50,0,22,-1.231938644
20,0,22,-1.043553439
0,0,22,-1.062091626
1900,2200,20,32.64764203
1700,2200,20,31
1500,2200,20,30.81950292
1300,2200,20,29.96903492
1100,2200,20,27.13700955
1000,2200,20,26.26395187
900,2200,20,24.28950835
800,2200,20,22.13757067
700,2200,20,20.98065127
600,2200,20,18.86291427
500,2200,20,16.37000418
400,2200,20,14.82530466
300,2200,20,12.1672847
200,2200,20,9.112912486
100,2200,20,3.111374781
50,2200,20,1.091230093
20,2200,20,0.176971096
0,2200,20,-0.046348445
1900,1900,20,30.80217778
1700,1900,20,29.77350717
1500,1900,20,28.9032871
1300,1900,20,27.8545847
1100,1900,20,26.59746983
1000,1900,20,26.16536593
900,1900,20,25.55956154
800,1900,20,23.62393798
700,1900,20,20.29875167
600,1900,20,19.91970781
500,1900,20,17.35093569
400,1900,20,15.48546853
300,1900,20,11.12189295
200,1900,20,8.643645048
100,1900,20,3.56667645
50,1900,20,1.08178638
20,1900,20,0.149597326
0,1900,20,-0.369875036
1900,1600,20,30.52442344
1700,1600,20,29.93733053
1500,1600,20,28.91593887
1300,1600,20,27.70072533
1100,1600,20,25.23613358
1000,1600,20,24.33927637
900,1600,20,23.10614033
800,1600,20,21.98987301
700,1600,20,20.80958333
600,1600,20,19.38569122
500,1600,20,17.81110524
400,1600,20,16.37097352
300,1600,20,14.89732156
200,1600,20,9.059001311
100,1600,20,3.798706129
50,1600,20,1.083645097
20,1600,20,-0.151490902
0,1600,20,-0.683590092
1900,1300,20,29.57217688
1700,1300,20,28.3275898
1500,1300,20,27.69555311
1300,1300,20,26.74916314
1100,1300,20,24.92897368
1000,1300,20,24.13416505
900,1300,20,22.96102431
800,1300,20,20.13117248
700,1300,20,18.45202873
600,1300,20,17.00634719
500,1300,20,16.93803648
400,1300,20,15.76088104
300,1300,20,13.94191007
200,1300,20,9.364784642
100,1300,20,4.295548612
50,1300,20,1.193051861
20,1300,20,0.068858646
0,1300,20,-1.130949214
1900,1000,20,25.88074392
1700,1000,20,24.81711582
1500,1000,20,23.04079263
1300,1000,20,22.46791156
1100,1000,20,20.73543904
1000,1000,20,19.03483365
900,1000,20,18.4089796
800,1000,20,17.32869078
700,1000,20,16.25289279
600,1000,20,15.0978359
500,1000,20,14.40530686
400,1000,20,13.35824817
300,1000,20,10.78830914
200,1000,20,7.955667571
100,1000,20,2.34600402
50,1000,20,0.72022842
20,1000,20,0.011019034
0,1000,20,-0.711629369
1900,800,20,23.83466959
1700,800,20,22.14980202
1500,800,20,21.37068863
1300,800,20,20.79843244
1100,800,20,18.97749672
1000,800,20,17.3290191
900,800,20,15.74930738
800,800,20,15.29716075
700,800,20,14.61122731
600,800,20,13.83646592
500,800,20,11.55779465
400,800,20,10.23404177
300,800,20,8.009085883
200,800,20,5.80617976
100,800,20,2.440153331
50,800,20,0.832770005
20,800,20,-0.371265851
0,800,20,-0.898434675
1900,600,20,19.42140132
1700,600,20,19.28789227
1500,600,20,18.22365912
1300,600,20,17.92906839
1100,600,20,17.70015705
1000,600,20,16.52620403
900,600,20,15.12990621
800,600,20,14.64458527
700,600,20,13.66802706
600,600,20,12.72535507
500,600,20,11.85173184
400,600,20,10.05184767
300,600,20,8.187591003
200,600,20,5.666076544
100,600,20,2.427685965
50,600,20,0.748792772
20,600,20,-0.373546356
0,600,20,-1.179335019
1900,400,20,15.09439737
1700,400,20,14.31954161
1500,400,20,13.54725177
1300,400,20,12.47965353
1100,400,20,11.33652436
1000,400,20,11.06282315
900,400,20,10.82454051
800,400,20,10.69906043
700,400,20,10.50712413
600,400,20,9.914509577
500,400,20,9.325517176
400,400,20,8.343162996
300,400,20,5.503103156
200,400,20,4.261663207
100,400,20,1.855058467
50,400,20,0.497148502
20,400,20,-0.243668067
0,400,20,-0.94312523
1900,200,20,7.351013798
1700,200,20,6.109200655
1500,200,20,6.026787218
1300,200,20,6.056298174
1100,200,20,6.132113859
1000,200,20,6.845174744
900,200,20,6.78715847
800,200,20,6.747694291
700,200,20,6.605881257
600,200,20,5.521457449
500,200,20,5.882415576
400,200,20,4.725565419
300,200,20,3.677508018
200,200,20,3.198867148
100,200,20,1.416630295
50,200,20,0.267241897
20,200,20,-0.458058762
0,200,20,-0.853970923
1900,0,20,-0.392242115
1700,0,20,-0.414734582
1500,0,20,-0.320627356
1300,0,20,-0.340105731
1100,0,20,-0.314690492
1000,0,20,-0.361502689
900,0,20,-0.311986859
800,0,20,-0.300868807
700,0,20,-0.283484109
600,0,20,-0.289549504
500,0,20,-0.290833038
400,0,20,-0.332345398
300,0,20,-0.295848305
200,0,20,-0.277168822
100,0,20,-0.314064349
50,0,20,-0.340888878
20,0,20,-0.454033115
0,0,20,-0.508965565
1900,2200,16,23.21722
1700,2200,16,22.38933845
1500,2200,16,21.6673458
1300,2200,16,20.74218079
1100,2200,16,19.49855728
1000,2200,16,19.30354172
900,2200,16,18.09110297
800,2200,16,17.63982009
700,2200,16,16.93182111
600,2200,16,15.67281576
500,2200,16,14.63179252
400,2200,16,12.60048916
300,2200,16,10.26923086
200,2200,16,7.355436369
100,2200,16,3.634825515
50,2200,16,1.55738752
20,2200,16,0.443660908
0,2200,16,-0.610723369
1900,1900,16,24.28650804
1700,1900,16,22.41224682
1500,1900,16,21.87123686
1300,1900,16,20.82628999
1100,1900,16,19.65681671
1000,1900,16,19.2371915
900,1900,16,18.52507975
800,1900,16,17.82249197
700,1900,16,17.18727516
600,1900,16,15.92949109
500,1900,16,14.46508961
400,1900,16,12.95459317
300,1900,16,10.5593245
200,1900,16,7.452653168
100,1900,16,3.390978923
50,1900,16,1.487249788
20,1900,16,-0.010745043
0,1900,16,-0.290924618
1900,1600,16,23.67271191
1700,1600,16,22.86883253
1500,1600,16,21.81459847
1300,1600,16,21.12130195
1100,1600,16,19.83495804
1000,1600,16,19.20536586
900,1600,16,18.8771403
800,1600,16,17.77335014
700,1600,16,17.05598463
600,1600,16,16.29822858
500,1600,16,14.90770702
400,1600,16,13.41221045
300,1600,16,11.25048474
200,1600,16,8.233904739
100,1600,16,3.880383687
50,1600,16,1.850167298
20,1600,16,0.438027029
0,1600,16,-0.826879746
1900,1300,16,21.03085276
1700,1300,16,20.73700396
1500,1300,16,20.06637822
1300,1300,16,19.48676746
1100,1300,16,18.34968317
1000,1300,16,18.26045364
900,1300,16,17.32423078
800,1300,16,16.35136985
700,1300,16,15.35196348
600,1300,16,14.68601325
500,1300,16,13.6029525
400,1300,16,12.33861416
300,1300,16,10.40945097
200,1300,16,7.806782714
100,1300,16,4.089911965
50,1300,16,1.541725998
20,1300,16,0.310290631
0,1300,16,-1.052357217
1900,1000,16,20.25182916
1700,1000,16,20.11577763
1500,1000,16,19.09688845
1300,1000,16,18.46275938
1100,1000,16,17.53370058
1000,1000,16,17.06425048
900,1000,16,16.00760325
800,1000,16,15.2731223
700,1000,16,14.31683573
600,1000,16,13.10663893
500,1000,16,12.64970762
400,1000,16,11.18039244
300,1000,16,9.141628354
200,1000,16,6.017155753
100,1000,16,2.283016746
50,1000,16,0.925944293
20,1000,16,0.100461971
0,1000,16,-0.581074743
1900,800,16,18.94806128
1700,800,16,18.93338131
1500,800,16,18.45802709
1300,800,16,17.77127512
1100,800,16,16.82348386
1000,800,16,16.25767135
900,800,16,14.92920661
800,800,16,14.5581307
700,800,16,13.2886923
600,800,16,12.11941427
500,800,16,10.88359095
400,800,16,9.219454531
300,800,16,7.177564164
200,800,16,4.932486796
100,800,16,2.48106449
50,800,16,0.975701728
20,800,16,0.093447269
0,800,16,-0.553581457
1900,600,16,16.51539145
1700,600,16,15.66222446
1500,600,16,15.19440048
1300,600,16,14.98587348
1100,600,16,13.2198739
1000,600,16,12.60496258
900,600,16,11.87536977
800,600,16,11.30385806
700,600,16,10.27214749
600,600,16,10.11795393
500,600,16,8.8447765
400,600,16,8.209704646
300,600,16,7.429967006
200,600,16,5.026888663
100,600,16,2.19955583
50,600,16,0.916857059
20,600,16,0.120261489
0,600,16,-0.548104378
1900,400,16,12.45928251
1700,400,16,11.46572673
1500,400,16,11.45416284
1300,400,16,10.9223092
1100,400,16,10.47020374
1000,400,16,10.10616872
900,400,16,9.78393306
800,400,16,9.64019059
700,400,16,9.44179371
600,400,16,8.46248265
500,400,16,8.31781208
400,400,16,7.723708262
300,400,16,4.076502575
200,400,16,3.874494337
100,400,16,1.42027633
50,400,16,0.935380525
20,400,16,0.176486104
0,400,16,-0.599220624
1900,200,16,6.45538265
1700,200,16,5.27171327
1500,200,16,5.25689073
1300,200,16,5.10065647
1100,200,16,5.647448065
1000,200,16,5.431209142
900,200,16,6.19352169
800,200,16,5.912500243
700,200,16,5.397180377
600,200,16,4.98827452
500,200,16,4.76231282
400,200,16,4.436352628
300,200,16,3.279823534
200,200,16,2.825124747
100,200,16,1.068881389
50,200,16,0.80208178
20,200,16,0.043728696
0,200,16,-0.428382629
1900,0,16,-1.348352739
1700,0,16,-1.30261148
1500,0,16,-1.199704016
1300,0,16,-1.287381217
1100,0,16,-1.385514644
1000,0,16,-1.242801935
900,0,16,-1.296486632
800,0,16,-1.189487587
700,0,16,-1.232237266
600,0,16,-1.184727075
500,0,16,-1.151801563
400,0,16,-1.029554261
300,0,16,-1.082690064
200,0,16,-1.017712059
100,0,16,-0.942529035
50,0,16,-0.788423045
20,0,16,-0.825998263
0,0,16,-0.847594094
