PPFD,CO2,T,R:B,Pn_avg,count
0.0,400.0,18.0,0.5,-0.36630557603334346,2
50.0,400.0,18.0,0.5,2.358583912400394,2
100.0,400.0,18.0,0.5,4.7605556353731675,2
200.0,400.0,18.0,0.5,8.185064715518482,2
300.0,400.0,18.0,0.5,10.323851141053042,2
400.0,400.0,18.0,0.5,11.377823829224976,2
500.0,400.0,18.0,0.5,11.901988798620879,2
600.0,400.0,18.0,0.5,11.930440252456837,2
800.0,400.0,18.0,0.5,12.15185541059649,2
1000.0,400.0,18.0,0.5,12.279137526600902,2
0.0,400.0,18.0,0.75,-0.3359371396463974,2
50.0,400.0,18.0,0.75,2.5236986335765925,2
100.0,400.0,18.0,0.75,5.00684197142173,2
200.0,400.0,18.0,0.75,8.860992703079589,2
300.0,400.0,18.0,0.75,10.957655853483015,2
400.0,400.0,18.0,0.75,11.886196018916761,2
500.0,400.0,18.0,0.75,12.201201223921682,2
600.0,400.0,18.0,0.75,12.288056441954222,2
800.0,400.0,18.0,0.75,12.1232615656662,2
1000.0,400.0,18.0,0.75,12.128374398366576,2
0.0,400.0,18.0,0.83,-0.1570931794282039,4
50.0,400.0,18.0,0.83,2.4626752904847096,4
100.0,400.0,18.0,0.83,5.182440907231337,4
200.0,400.0,18.0,0.83,9.473567396096437,4
300.0,400.0,18.0,0.83,11.902223824732342,4
400.0,400.0,18.0,0.83,12.976402538589179,4
500.0,400.0,18.0,0.83,13.372901803333416,4
600.0,400.0,18.0,0.83,13.387686686437693,4
800.0,400.0,18.0,0.83,13.45715875554526,4
1000.0,400.0,18.0,0.83,13.517697490801236,4
0.0,400.0,18.0,0.88,-0.3908403078982683,1
50.0,400.0,18.0,0.88,2.7457223886551025,1
100.0,400.0,18.0,0.88,5.489340735297457,1
200.0,400.0,18.0,0.88,9.826462916779256,1
300.0,400.0,18.0,0.88,12.525622659737008,1
400.0,400.0,18.0,0.88,13.78051926400646,1
500.0,400.0,18.0,0.88,14.268663430643306,1
600.0,400.0,18.0,0.88,14.266819896840513,1
800.0,400.0,18.0,0.88,14.444142045878658,1
1000.0,400.0,18.0,0.88,14.673914822436842,1
0.0,400.0,18.0,1.0,-0.1671794666229371,1
50.0,400.0,18.0,1.0,2.7504097937874237,1
100.0,400.0,18.0,1.0,5.185999256463793,1
200.0,400.0,18.0,1.0,8.751299384361703,1
300.0,400.0,18.0,1.0,10.758488951224086,1
400.0,400.0,18.0,1.0,11.541169602252385,1
500.0,400.0,18.0,1.0,11.835938889759031,1
600.0,400.0,18.0,1.0,11.824091270078965,1
800.0,400.0,18.0,1.0,11.7554756841426,1
1000.0,400.0,18.0,1.0,11.478164696107918,1
0.0,400.0,20.0,0.5,-0.5340649938787222,1
50.0,400.0,20.0,0.5,2.41071015809815,1
100.0,400.0,20.0,0.5,4.482195309391792,1
200.0,400.0,20.0,0.5,7.813590918067845,1
300.0,400.0,20.0,0.5,9.454103407130132,1
400.0,400.0,20.0,0.5,10.19340979141136,1
500.0,400.0,20.0,0.5,10.689496835825432,1
600.0,400.0,20.0,0.5,10.781610282492874,1
800.0,400.0,20.0,0.5,10.768241233313256,1
1000.0,400.0,20.0,0.5,10.767305294480352,1
0.0,400.0,20.0,0.75,-0.3289264677212194,1
50.0,400.0,20.0,0.75,2.5685444970794995,1
100.0,400.0,20.0,0.75,4.944496579961654,1
200.0,400.0,20.0,0.75,8.487382667679274,1
300.0,400.0,20.0,0.75,10.34636660187044,1
400.0,400.0,20.0,0.75,11.09265691070924,1
500.0,400.0,20.0,0.75,11.452198723985004,1
600.0,400.0,20.0,0.75,11.480320284417552,1
800.0,400.0,20.0,0.75,11.393744228726492,1
1000.0,400.0,20.0,0.75,11.400906008270374,1
0.0,400.0,20.0,0.83,-0.30159926248320484,3
50.0,400.0,20.0,0.83,2.606221893604791,3
100.0,400.0,20.0,0.83,5.201060318068056,3
200.0,400.0,20.0,0.83,9.43263403183591,3
300.0,400.0,20.0,0.83,12.151859937670338,3
400.0,400.0,20.0,0.83,13.507752595883787,3
500.0,400.0,20.0,0.83,14.046097493997777,3
600.0,400.0,20.0,0.83,14.15904475848638,3
800.0,400.0,20.0,0.83,14.230968267399868,3
1000.0,400.0,20.0,0.83,14.23674264957728,3
0.0,400.0,20.0,0.88,-0.43179581013729745,2
50.0,400.0,20.0,0.88,2.576328448988917,2
100.0,400.0,20.0,0.88,5.187942670361444,2
200.0,400.0,20.0,0.88,9.211388302409599,2
300.0,400.0,20.0,0.88,11.647599072349516,2
400.0,400.0,20.0,0.88,12.830128226981056,2
500.0,400.0,20.0,0.88,13.362551816955598,2
600.0,400.0,20.0,0.88,13.477031079098442,2
800.0,400.0,20.0,0.88,13.573301088458347,2
1000.0,400.0,20.0,0.88,13.499975952252782,2
0.0,400.0,20.0,1.0,-0.5229538457885949,1
50.0,400.0,20.0,1.0,2.5964741474694835,1
100.0,400.0,20.0,1.0,5.424691519760986,1
200.0,400.0,20.0,1.0,9.692862609704326,1
300.0,400.0,20.0,1.0,12.07998523219045,1
400.0,400.0,20.0,1.0,13.194509852707164,1
500.0,400.0,20.0,1.0,13.749103019740764,1
600.0,400.0,20.0,1.0,13.923198438068814,1
800.0,400.0,20.0,1.0,14.175508207208017,1
1000.0,400.0,20.0,1.0,14.102691366552104,1
0.0,400.0,22.0,0.5,-0.5825768023535953,3
50.0,400.0,22.0,0.5,2.1535296805742234,3
100.0,400.0,22.0,0.5,4.1673102666589745,3
200.0,400.0,22.0,0.5,7.166824287706551,3
300.0,400.0,22.0,0.5,9.028459425965176,3
400.0,400.0,22.0,0.5,10.128249783323993,3
500.0,400.0,22.0,0.5,10.80757960389372,3
600.0,400.0,22.0,0.5,11.068312787030415,3
800.0,400.0,22.0,0.5,11.376588671339796,3
1000.0,400.0,22.0,0.5,11.336173739916623,3
0.0,400.0,22.0,0.75,-0.5775918844766597,5
50.0,400.0,22.0,0.75,2.2935225569027273,5
100.0,400.0,22.0,0.75,4.6631458185442805,5
200.0,400.0,22.0,0.75,8.25625120779342,5
300.0,400.0,22.0,0.75,10.576712037068393,5
400.0,400.0,22.0,0.75,12.078278903186948,5
500.0,400.0,22.0,0.75,12.792492953315937,5
600.0,400.0,22.0,0.75,13.154946310754024,5
800.0,400.0,22.0,0.75,13.439400710213942,5
1000.0,400.0,22.0,0.75,13.452892940726391,5
0.0,400.0,22.0,0.83,-0.4916824005059204,5
50.0,400.0,22.0,0.83,2.516029465859348,5
100.0,400.0,22.0,0.83,5.0626008905107405,5
200.0,400.0,22.0,0.83,9.082781816128835,5
300.0,400.0,22.0,0.83,11.809796960929758,5
400.0,400.0,22.0,0.83,13.459035073446586,5
500.0,400.0,22.0,0.83,14.29277157891855,5
600.0,400.0,22.0,0.83,14.675657477036655,5
800.0,400.0,22.0,0.83,14.938458143942219,5
1000.0,400.0,22.0,0.83,14.771765583373655,5
0.0,400.0,22.0,0.88,-0.6338093489066626,3
50.0,400.0,22.0,0.88,2.314483042787358,3
100.0,400.0,22.0,0.88,4.753751985516171,3
200.0,400.0,22.0,0.88,8.57092298231761,3
300.0,400.0,22.0,0.88,11.364211970131423,3
400.0,400.0,22.0,0.88,13.013335132506903,3
500.0,400.0,22.0,0.88,13.984889924439413,3
600.0,400.0,22.0,0.88,14.416735747965419,3
800.0,400.0,22.0,0.88,14.834085953771192,3
1000.0,400.0,22.0,0.88,14.919603161702996,3
0.0,400.0,22.0,1.0,-0.6575333786201252,2
50.0,400.0,22.0,1.0,2.5416832358273744,2
100.0,400.0,22.0,1.0,4.993196130205577,2
200.0,400.0,22.0,1.0,8.464255363865062,2
300.0,400.0,22.0,1.0,10.649073160487937,2
400.0,400.0,22.0,1.0,11.813627878530358,2
500.0,400.0,22.0,1.0,12.3248899859767,2
600.0,400.0,22.0,1.0,12.470189899347755,2
800.0,400.0,22.0,1.0,12.546852462443136,2
1000.0,400.0,22.0,1.0,12.26651615053883,2
0.0,400.0,24.0,0.5,-0.8184240625581027,2
50.0,400.0,24.0,0.5,2.2516341068841403,2
100.0,400.0,24.0,0.5,4.635600193004608,2
200.0,400.0,24.0,0.5,8.212822950010036,2
300.0,400.0,24.0,0.5,10.620491324618477,2
400.0,400.0,24.0,0.5,12.115990256989384,2
500.0,400.0,24.0,0.5,12.954063704895486,2
600.0,400.0,24.0,0.5,13.424479552762662,2
800.0,400.0,24.0,0.5,13.92982426587744,2
1000.0,400.0,24.0,0.5,13.88984105687992,2
0.0,400.0,24.0,0.75,-0.8373933152567341,4
50.0,400.0,24.0,0.75,2.272150196022566,4
100.0,400.0,24.0,0.75,4.949016908658503,4
200.0,400.0,24.0,0.75,9.20743042302512,4
300.0,400.0,24.0,0.75,12.205127201183291,4
400.0,400.0,24.0,0.75,14.029333981945426,4
500.0,400.0,24.0,0.75,15.029536684898776,4
600.0,400.0,24.0,0.75,15.499666540637415,4
800.0,400.0,24.0,0.75,16.091712260011217,4
1000.0,400.0,24.0,0.75,16.5426872899917,4
0.0,400.0,24.0,0.83,-0.6459181812194608,2
50.0,400.0,24.0,0.83,2.490785579817175,2
100.0,400.0,24.0,0.83,5.303416582589959,2
200.0,400.0,24.0,0.83,10.090443261756782,2
300.0,400.0,24.0,0.83,13.687981177130514,2
400.0,400.0,24.0,0.83,15.90275287664524,2
500.0,400.0,24.0,0.83,17.255617678299355,2
600.0,400.0,24.0,0.83,17.925466030557658,2
800.0,400.0,24.0,0.83,18.556904100394235,2
1000.0,400.0,24.0,0.83,18.639945693177026,2
0.0,400.0,24.0,0.88,-0.6300210726828299,2
50.0,400.0,24.0,0.88,2.646756564555602,2
100.0,400.0,24.0,0.88,5.6119121941202454,2
200.0,400.0,24.0,0.88,10.52839475024279,2
300.0,400.0,24.0,0.88,13.955034393198185,2
400.0,400.0,24.0,0.88,15.866588766326615,2
500.0,400.0,24.0,0.88,16.7132335981142,2
600.0,400.0,24.0,0.88,16.996551029655002,2
800.0,400.0,24.0,0.88,17.27450784820394,2
1000.0,400.0,24.0,0.88,17.125680361206673,2
0.0,400.0,24.0,1.0,-0.8041480156651559,2
50.0,400.0,24.0,1.0,2.495451501885122,2
100.0,400.0,24.0,1.0,5.08255120048225,2
200.0,400.0,24.0,1.0,9.556858367724177,2
300.0,400.0,24.0,1.0,12.282006691189391,2
400.0,400.0,24.0,1.0,13.851529032626388,2
500.0,400.0,24.0,1.0,14.591524816291269,2
600.0,400.0,24.0,1.0,15.025862775889372,2
800.0,400.0,24.0,1.0,15.307423663942316,2
1000.0,400.0,24.0,1.0,15.24541200130112,2
0.0,400.0,26.0,0.5,-1.1619984378882329,1
50.0,400.0,26.0,0.5,1.985870695453591,1
100.0,400.0,26.0,0.5,4.378518281253183,1
200.0,400.0,26.0,0.5,7.633213859539792,1
300.0,400.0,26.0,0.5,9.61073325302952,1
400.0,400.0,26.0,0.5,10.72974317452659,1
500.0,400.0,26.0,0.5,11.278996926645425,1
600.0,400.0,26.0,0.5,11.480473395129527,1
800.0,400.0,26.0,0.5,11.670322699682565,1
1000.0,400.0,26.0,0.5,11.31389268590794,1
0.0,400.0,26.0,0.75,-1.1579304885566841,2
50.0,400.0,26.0,0.75,2.078614046390758,2
100.0,400.0,26.0,0.75,4.615546561558062,2
200.0,400.0,26.0,0.75,7.811443615944295,2
300.0,400.0,26.0,0.75,9.992304214315295,2
400.0,400.0,26.0,0.75,11.326150387403715,2
500.0,400.0,26.0,0.75,12.134934933657831,2
600.0,400.0,26.0,0.75,12.573125929964732,2
800.0,400.0,26.0,0.75,12.953368344685886,2
1000.0,400.0,26.0,0.75,13.033189515979036,2
0.0,400.0,26.0,0.83,-0.8630321223913338,2
50.0,400.0,26.0,0.83,2.357779357575593,2
100.0,400.0,26.0,0.83,5.164746133138016,2
200.0,400.0,26.0,0.83,9.79059138344888,2
300.0,400.0,26.0,0.83,13.13806674906088,2
400.0,400.0,26.0,0.83,15.461855142613294,2
500.0,400.0,26.0,0.83,16.67967820351887,2
600.0,400.0,26.0,0.83,17.332148655898507,2
800.0,400.0,26.0,0.83,17.71487509659419,2
1000.0,400.0,26.0,0.83,17.580570641679497,2
0.0,400.0,26.0,0.88,-0.7574859050132652,1
50.0,400.0,26.0,0.88,2.4447111725973953,1
100.0,400.0,26.0,0.88,5.325780482178957,1
200.0,400.0,26.0,0.88,10.185278395365549,1
300.0,400.0,26.0,0.88,13.54470085203301,1
400.0,400.0,26.0,0.88,15.597811296918335,1
500.0,400.0,26.0,0.88,16.49136164082214,1
600.0,400.0,26.0,0.88,16.709435535446712,1
800.0,400.0,26.0,0.88,16.809918048687177,1
1000.0,400.0,26.0,0.88,16.361706753299437,1
0.0,400.0,26.0,1.0,-1.1606477154085217,2
50.0,400.0,26.0,1.0,2.2533748615595552,2
100.0,400.0,26.0,1.0,4.9788592799509885,2
200.0,400.0,26.0,1.0,8.902822055975061,2
300.0,400.0,26.0,1.0,11.465569695175208,2
400.0,400.0,26.0,1.0,12.94169432578596,2
500.0,400.0,26.0,1.0,13.647766111153368,2
600.0,400.0,26.0,1.0,13.995285531603768,2
800.0,400.0,26.0,1.0,14.140794563188084,2
1000.0,400.0,26.0,1.0,13.850544473055997,2
0.0,400.0,30.0,0.5,-1.590037952769921,1
50.0,400.0,30.0,0.5,1.790907776813413,1
100.0,400.0,30.0,0.5,4.259228755779032,1
200.0,400.0,30.0,0.5,7.871396934461811,1
300.0,400.0,30.0,0.5,10.376524621396763,1
400.0,400.0,30.0,0.5,11.860499956622814,1
500.0,400.0,30.0,0.5,12.734665221106525,1
600.0,400.0,30.0,0.5,13.076501900679412,1
800.0,400.0,30.0,0.5,13.352840174430472,1
1000.0,400.0,30.0,0.5,13.049733545281583,1
0.0,400.0,30.0,0.75,-1.7063016308542127,1
50.0,400.0,30.0,0.75,1.4108682957418783,1
100.0,400.0,30.0,0.75,3.9512607381556344,1
200.0,400.0,30.0,0.75,8.379671823900958,1
300.0,400.0,30.0,0.75,11.999303768215086,1
400.0,400.0,30.0,0.75,14.606399932023766,1
500.0,400.0,30.0,0.75,16.399180115904336,1
600.0,400.0,30.0,0.75,17.435195348117155,1
800.0,400.0,30.0,0.75,18.441980662083175,1
1000.0,400.0,30.0,0.75,18.46307304319552,1
0.0,400.0,30.0,0.83,-1.3191183017825263,2
50.0,400.0,30.0,0.83,1.918959421054884,2
100.0,400.0,30.0,0.83,4.572572064525916,2
200.0,400.0,30.0,0.83,8.796397687106321,2
300.0,400.0,30.0,0.83,12.173262337955345,2
400.0,400.0,30.0,0.83,14.433057573786229,2
500.0,400.0,30.0,0.83,15.80707654565856,2
600.0,400.0,30.0,0.83,16.46395502926851,2
800.0,400.0,30.0,0.83,17.096960406967586,2
1000.0,400.0,30.0,0.83,16.871521929263714,2
0.0,400.0,30.0,0.88,-1.2520763910031454,1
50.0,400.0,30.0,0.88,1.963510005475657,1
100.0,400.0,30.0,0.88,4.704236787480229,1
200.0,400.0,30.0,0.88,9.38117206068297,1
300.0,400.0,30.0,0.88,13.153831888746875,1
400.0,400.0,30.0,0.88,15.562135153408278,1
500.0,400.0,30.0,0.88,16.7362376514283,1
600.0,400.0,30.0,0.88,17.461511383319905,1
800.0,400.0,30.0,0.88,17.66124672379029,1
1000.0,400.0,30.0,0.88,17.028693156463564,1
0.0,400.0,30.0,1.0,-1.5612349401046912,1
50.0,400.0,30.0,1.0,1.935396149563532,1
100.0,400.0,30.0,1.0,4.4829926685230745,1
200.0,400.0,30.0,1.0,7.757619754844041,1
300.0,400.0,30.0,1.0,9.766378586861372,1
400.0,400.0,30.0,1.0,11.01979304421566,1
500.0,400.0,30.0,1.0,11.577121822540756,1
600.0,400.0,30.0,1.0,11.95548132786221,1
800.0,400.0,30.0,1.0,12.292729557605249,1
1000.0,400.0,30.0,1.0,12.343276387920865,1
0.0,800.0,18.0,0.5,-0.4282017269967348,1
50.0,800.0,18.0,0.5,2.566853748840154,1
100.0,800.0,18.0,0.5,5.017975817902984,1
200.0,800.0,18.0,0.5,8.534685272242216,1
300.0,800.0,18.0,0.5,10.683089612359964,1
400.0,800.0,18.0,0.5,11.851243855643895,1
500.0,800.0,18.0,0.5,12.469659942664077,1
600.0,800.0,18.0,0.5,13.00476720153226,1
800.0,800.0,18.0,0.5,13.717895392362106,1
1000.0,800.0,18.0,0.5,14.17012894401674,1
0.0,800.0,18.0,0.75,-0.3455008825009637,3
50.0,800.0,18.0,0.75,2.554371094157074,3
100.0,800.0,18.0,0.75,4.813409124884294,3
200.0,800.0,18.0,0.75,8.627677554286675,3
300.0,800.0,18.0,0.75,10.852060721478539,3
400.0,800.0,18.0,0.75,11.952230287113906,3
500.0,800.0,18.0,0.75,12.359452942184271,3
600.0,800.0,18.0,0.75,12.641014471493174,3
800.0,800.0,18.0,0.75,13.002533964261476,3
1000.0,800.0,18.0,0.75,13.221325848415887,3
0.0,800.0,18.0,0.83,-0.3440840686653601,3
50.0,800.0,18.0,0.83,2.7691110490027264,3
100.0,800.0,18.0,0.83,5.456638732939058,3
200.0,800.0,18.0,0.83,10.321423598666636,3
300.0,800.0,18.0,0.83,13.449405496133187,3
400.0,800.0,18.0,0.83,14.883354890905247,3
500.0,800.0,18.0,0.83,15.473625123890079,3
600.0,800.0,18.0,0.83,15.85083627345197,3
800.0,800.0,18.0,0.83,16.468459457246365,3
1000.0,800.0,18.0,0.83,16.847738856271448,3
0.0,800.0,18.0,0.88,-0.2910557173128784,1
50.0,800.0,18.0,0.88,3.0328285789874236,1
100.0,800.0,18.0,0.88,5.9807380275974245,1
200.0,800.0,18.0,0.88,10.4915409429653,1
300.0,800.0,18.0,0.88,12.9231355661688,1
400.0,800.0,18.0,0.88,13.798048772766345,1
500.0,800.0,18.0,0.88,14.449520458800976,1
600.0,800.0,18.0,0.88,15.114147535860685,1
800.0,800.0,18.0,0.88,15.71683551064526,1
1000.0,800.0,18.0,0.88,16.231941382569307,1
0.0,800.0,18.0,1.0,-0.2157877182415647,1
50.0,800.0,18.0,1.0,2.993929137983109,1
100.0,800.0,18.0,1.0,5.92500961484878,1
200.0,800.0,18.0,1.0,10.27983928749412,1
300.0,800.0,18.0,1.0,12.504995738417632,1
400.0,800.0,18.0,1.0,13.620803709950184,1
500.0,800.0,18.0,1.0,14.215163120682384,1
600.0,800.0,18.0,1.0,14.586950694684704,1
800.0,800.0,18.0,1.0,15.36372630761318,1
1000.0,800.0,18.0,1.0,16.03239589486209,1
0.0,800.0,20.0,0.5,-0.42747535565311284,3
50.0,800.0,20.0,0.5,2.3484554746380737,3
100.0,800.0,20.0,0.5,4.564733087796508,3
200.0,800.0,20.0,0.5,8.400372190885845,3
300.0,800.0,20.0,0.5,11.039791828908243,3
400.0,800.0,20.0,0.5,12.77854016893447,3
500.0,800.0,20.0,0.5,13.770955947820937,3
600.0,800.0,20.0,0.5,14.518857098362119,3
800.0,800.0,20.0,0.5,15.66404585300608,3
1000.0,800.0,20.0,0.5,16.374454049624752,3
0.0,800.0,20.0,0.75,-0.3374958151908551,1
50.0,800.0,20.0,0.75,2.564356853749517,1
100.0,800.0,20.0,0.75,5.137613262242049,1
200.0,800.0,20.0,0.75,9.349587629347509,1
300.0,800.0,20.0,0.75,11.934554403106429,1
400.0,800.0,20.0,0.75,13.264224444450669,1
500.0,800.0,20.0,0.75,14.126415517271637,1
600.0,800.0,20.0,0.75,14.79315841371512,1
800.0,800.0,20.0,0.75,15.514691739754229,1
1000.0,800.0,20.0,0.75,15.940969404800711,1
0.0,800.0,20.0,0.83,-0.290882148799784,2
50.0,800.0,20.0,0.83,2.6618832738388214,2
100.0,800.0,20.0,0.83,5.334314073100931,2
200.0,800.0,20.0,0.83,10.034840610961702,2
300.0,800.0,20.0,0.83,13.349515578644967,2
400.0,800.0,20.0,0.83,15.051620042859572,2
500.0,800.0,20.0,0.83,16.196431375781337,2
600.0,800.0,20.0,0.83,16.998220808743184,2
800.0,800.0,20.0,0.83,17.977736728914596,2
1000.0,800.0,20.0,0.83,18.495465790177327,2
0.0,800.0,20.0,0.88,-0.2540820651653227,1
50.0,800.0,20.0,0.88,3.08616310582629,1
100.0,800.0,20.0,0.88,6.091827652964277,1
200.0,800.0,20.0,0.88,11.194265785662015,1
300.0,800.0,20.0,0.88,14.273382989678982,1
400.0,800.0,20.0,0.88,15.771324167223248,1
500.0,800.0,20.0,0.88,16.19908936212872,1
600.0,800.0,20.0,0.88,16.700882654279216,1
800.0,800.0,20.0,0.88,17.386097087825448,1
1000.0,800.0,20.0,0.88,17.86397580521077,1
0.0,800.0,20.0,1.0,-0.1941626567538406,1
50.0,800.0,20.0,1.0,2.9574689947703123,1
100.0,800.0,20.0,1.0,5.892468559883222,1
200.0,800.0,20.0,1.0,10.624258556252729,1
300.0,800.0,20.0,1.0,13.601996056687929,1
400.0,800.0,20.0,1.0,14.840544227655428,1
500.0,800.0,20.0,1.0,15.668432911306413,1
600.0,800.0,20.0,1.0,16.045671547117422,1
800.0,800.0,20.0,1.0,16.694135912393186,1
1000.0,800.0,20.0,1.0,16.852912453303496,1
0.0,800.0,22.0,0.5,-0.3537234512236247,2
50.0,800.0,22.0,0.5,2.2837880570613036,2
100.0,800.0,22.0,0.5,4.6533342274689975,2
200.0,800.0,22.0,0.5,8.613453204238754,2
300.0,800.0,22.0,0.5,11.394371925897122,2
400.0,800.0,22.0,0.5,13.236321915907915,2
500.0,800.0,22.0,0.5,14.29851098242662,2
600.0,800.0,22.0,0.5,14.931635707010178,2
800.0,800.0,22.0,0.5,15.815089981318838,2
1000.0,800.0,22.0,0.5,16.38953112237057,2
0.0,800.0,22.0,0.75,-0.243461564516435,1
50.0,800.0,22.0,0.75,2.058518740719226,1
100.0,800.0,22.0,0.75,4.0534621127010535,1
200.0,800.0,22.0,0.75,7.420914463986217,1
300.0,800.0,22.0,0.75,9.72886320900392,1
400.0,800.0,22.0,0.75,11.449016369681056,1
500.0,800.0,22.0,0.75,12.273463426802529,1
600.0,800.0,22.0,0.75,12.876102628233951,1
800.0,800.0,22.0,0.75,13.73428828429684,1
1000.0,800.0,22.0,0.75,14.34331500516724,1
0.0,800.0,22.0,0.83,-0.6053312839514977,2
50.0,800.0,22.0,0.83,2.742601907882433,2
100.0,800.0,22.0,0.83,5.5131896578193675,2
200.0,800.0,22.0,0.83,10.497323849493956,2
300.0,800.0,22.0,0.83,13.899106635003871,2
400.0,800.0,22.0,0.83,15.936120776606051,2
500.0,800.0,22.0,0.83,16.82643471283954,2
600.0,800.0,22.0,0.83,17.277561650724127,2
800.0,800.0,22.0,0.83,17.78982890393622,2
1000.0,800.0,22.0,0.83,17.863779075914636,2
0.0,800.0,22.0,0.88,-0.4494053519612492,2
50.0,800.0,22.0,0.88,2.6931745076012175,2
100.0,800.0,22.0,0.88,5.810584593997298,2
200.0,800.0,22.0,0.88,11.109427966686646,2
300.0,800.0,22.0,0.88,15.056717844724067,2
400.0,800.0,22.0,0.88,17.347238986550707,2
500.0,800.0,22.0,0.88,18.65544657636731,2
600.0,800.0,22.0,0.88,19.39382129247398,2
800.0,800.0,22.0,0.88,19.993908852199265,2
1000.0,800.0,22.0,0.88,20.112636768410493,2
0.0,800.0,22.0,1.0,-0.48342715296004485,4
50.0,800.0,22.0,1.0,2.927127761488733,4
100.0,800.0,22.0,1.0,5.916597091774547,4
200.0,800.0,22.0,1.0,10.55342490966327,4
300.0,800.0,22.0,1.0,13.763997448881682,4
400.0,800.0,22.0,1.0,15.69046753793926,4
500.0,800.0,22.0,1.0,16.8326877031487,4
600.0,800.0,22.0,1.0,17.45841690664701,4
800.0,800.0,22.0,1.0,18.147546929347463,4
1000.0,800.0,22.0,1.0,18.431285927367973,4
0.0,800.0,24.0,0.5,-0.5711789176295836,1
50.0,800.0,24.0,0.5,2.376239853235634,1
100.0,800.0,24.0,0.5,5.138574386992663,1
200.0,800.0,24.0,0.5,9.864295520746008,1
300.0,800.0,24.0,0.5,13.376907324937232,1
400.0,800.0,24.0,0.5,15.917483353799092,1
500.0,800.0,24.0,0.5,17.576911927902344,1
600.0,800.0,24.0,0.5,18.56252420523013,1
800.0,800.0,24.0,0.5,19.856089974621128,1
1000.0,800.0,24.0,0.5,20.621834837032303,1
0.0,800.0,24.0,0.75,-0.6001410650437872,2
50.0,800.0,24.0,0.75,2.2732024100208736,2
100.0,800.0,24.0,0.75,4.625678232271808,2
200.0,800.0,24.0,0.75,8.528406490368985,2
300.0,800.0,24.0,0.75,11.52601046598695,2
400.0,800.0,24.0,0.75,13.552699158897417,2
500.0,800.0,24.0,0.75,14.929645574526361,2
600.0,800.0,24.0,0.75,15.847474399623259,2
800.0,800.0,24.0,0.75,16.89213387808305,2
1000.0,800.0,24.0,0.75,17.229401970300056,2
0.0,800.0,24.0,0.83,-0.802592207964267,3
50.0,800.0,24.0,0.83,2.401166183436639,3
100.0,800.0,24.0,0.83,5.271849361089406,3
200.0,800.0,24.0,0.83,10.388146868467187,3
300.0,800.0,24.0,0.83,14.404266970984589,3
400.0,800.0,24.0,0.83,17.377168357505653,3
500.0,800.0,24.0,0.83,19.244298041715776,3
600.0,800.0,24.0,0.83,20.232166833565756,3
800.0,800.0,24.0,0.83,21.508351004987276,3
1000.0,800.0,24.0,0.83,21.987872519995936,3
0.0,800.0,24.0,0.88,-0.6150875688990601,2
50.0,800.0,24.0,0.88,2.895461401381672,2
100.0,800.0,24.0,0.88,6.2932234096466795,2
200.0,800.0,24.0,0.88,11.91185308508374,2
300.0,800.0,24.0,0.88,16.43806023533384,2
400.0,800.0,24.0,0.88,19.20222406819788,2
500.0,800.0,24.0,0.88,20.490956245131606,2
600.0,800.0,24.0,0.88,21.330672224978976,2
800.0,800.0,24.0,0.88,22.206940686940307,2
1000.0,800.0,24.0,0.88,22.76157383143842,2
0.0,800.0,24.0,1.0,-0.7789444204138856,4
50.0,800.0,24.0,1.0,2.868929784142134,4
100.0,800.0,24.0,1.0,6.036694284323516,4
200.0,800.0,24.0,1.0,11.32950156673735,4
300.0,800.0,24.0,1.0,15.174360803495425,4
400.0,800.0,24.0,1.0,17.601330842100307,4
500.0,800.0,24.0,1.0,18.945854212636636,4
600.0,800.0,24.0,1.0,19.74867983456253,4
800.0,800.0,24.0,1.0,20.765014209227303,4
1000.0,800.0,24.0,1.0,21.30250001684973,4
0.0,800.0,26.0,0.5,-0.5667640410919765,1
50.0,800.0,26.0,0.5,1.9979055202320812,1
100.0,800.0,26.0,0.5,3.879329395398729,1
200.0,800.0,26.0,0.5,7.340288933612175,1
300.0,800.0,26.0,0.5,10.008338081344007,1
400.0,800.0,26.0,0.5,12.10918432458404,1
500.0,800.0,26.0,0.5,13.519610309888778,1
600.0,800.0,26.0,0.5,14.461454268144452,1
800.0,800.0,26.0,0.5,15.723607886079996,1
1000.0,800.0,26.0,0.5,16.215018635633037,1
0.0,800.0,26.0,0.75,-0.8155554848675572,4
50.0,800.0,26.0,0.75,2.2562188445557507,4
100.0,800.0,26.0,0.75,4.87480364367947,4
200.0,800.0,26.0,0.75,9.060029245874931,4
300.0,800.0,26.0,0.75,12.19913081666062,4
400.0,800.0,26.0,0.75,14.374110416925477,4
500.0,800.0,26.0,0.75,15.780920654112574,4
600.0,800.0,26.0,0.75,16.543397790371433,4
800.0,800.0,26.0,0.75,17.206022622615905,4
1000.0,800.0,26.0,0.75,17.191033307632484,4
0.0,800.0,26.0,0.83,-0.3553748533814833,1
50.0,800.0,26.0,0.83,2.469681528613212,1
100.0,800.0,26.0,0.83,5.1007864635623035,1
200.0,800.0,26.0,0.83,10.022026798414922,1
300.0,800.0,26.0,0.83,14.00163986399945,1
400.0,800.0,26.0,0.83,16.81841609001829,1
500.0,800.0,26.0,0.83,18.551055628623615,1
600.0,800.0,26.0,0.83,19.255230572189564,1
800.0,800.0,26.0,0.83,19.496247351184063,1
1000.0,800.0,26.0,0.83,19.041791413058952,1
0.0,800.0,26.0,0.88,-0.6552685422812882,3
50.0,800.0,26.0,0.88,2.7982219670285153,3
100.0,800.0,26.0,0.88,5.9478267985723745,3
200.0,800.0,26.0,0.88,11.532931379150567,3
300.0,800.0,26.0,0.88,16.120872470242958,3
400.0,800.0,26.0,0.88,19.33437241696642,3
500.0,800.0,26.0,0.88,21.31260322183643,3
600.0,800.0,26.0,0.88,22.55183728249153,3
800.0,800.0,26.0,0.88,23.389092553014294,3
1000.0,800.0,26.0,0.88,23.300263765606218,3
0.0,800.0,26.0,1.0,-0.7562481208179445,3
50.0,800.0,26.0,1.0,2.6030176409140484,3
100.0,800.0,26.0,1.0,5.499042217808625,3
200.0,800.0,26.0,1.0,10.358471219092985,3
300.0,800.0,26.0,1.0,14.126125646487083,3
400.0,800.0,26.0,1.0,16.638950980462464,3
500.0,800.0,26.0,1.0,18.37051513800642,3
600.0,800.0,26.0,1.0,19.551700388491415,3
800.0,800.0,26.0,1.0,20.74765669831467,3
1000.0,800.0,26.0,1.0,20.92354422863163,3
0.0,800.0,30.0,0.5,-0.8349246493784184,1
50.0,800.0,30.0,0.5,1.5794860348194166,1
100.0,800.0,30.0,0.5,3.571860678855709,1
200.0,800.0,30.0,0.5,6.964026606100558,1
300.0,800.0,30.0,0.5,9.822155813890108,1
400.0,800.0,30.0,0.5,12.14724554290471,1
500.0,800.0,30.0,0.5,13.776497357046225,1
600.0,800.0,30.0,0.5,15.0648510995782,1
800.0,800.0,30.0,0.5,16.711025017040537,1
1000.0,800.0,30.0,0.5,17.52269643748349,1
0.0,800.0,30.0,0.75,-1.9194548878781108,1
50.0,800.0,30.0,0.75,1.5113873326904086,1
100.0,800.0,30.0,0.75,4.381209400109906,1
200.0,800.0,30.0,0.75,9.355606873869537,1
300.0,800.0,30.0,0.75,13.210091112422653,1
400.0,800.0,30.0,0.75,15.857379355902784,1
500.0,800.0,30.0,0.75,17.412734810485237,1
600.0,800.0,30.0,0.75,18.298532284052506,1
800.0,800.0,30.0,0.75,18.959743705424227,1
1000.0,800.0,30.0,0.75,18.56117809208361,1
0.0,800.0,30.0,0.83,-0.8817744094581519,1
50.0,800.0,30.0,0.83,1.9965246709683824,1
100.0,800.0,30.0,0.83,4.812140224648694,1
200.0,800.0,30.0,0.83,9.711961795084669,1
300.0,800.0,30.0,0.83,13.953011028357954,1
400.0,800.0,30.0,0.83,17.526103085933073,1
500.0,800.0,30.0,0.83,20.05012025869861,1
600.0,800.0,30.0,0.83,21.71179091139956,1
800.0,800.0,30.0,0.83,22.97134091179188,1
1000.0,800.0,30.0,0.83,22.201486117248503,1
0.0,800.0,30.0,0.88,-1.0260949894434979,2
50.0,800.0,30.0,0.88,2.0285217533903506,2
100.0,800.0,30.0,0.88,4.722797098259622,2
200.0,800.0,30.0,0.88,9.692181046534174,2
300.0,800.0,30.0,0.88,14.179740652671573,2
400.0,800.0,30.0,0.88,17.885671124548324,2
500.0,800.0,30.0,0.88,20.711570149330818,2
600.0,800.0,30.0,0.88,22.404841547172992,2
800.0,800.0,30.0,0.88,23.99693667391564,2
1000.0,800.0,30.0,0.88,23.378642329487295,2
0.0,800.0,30.0,1.0,-0.9263279044635965,3
50.0,800.0,30.0,1.0,2.013326037016733,3
100.0,800.0,30.0,1.0,4.378387034605821,3
200.0,800.0,30.0,1.0,8.573378133639421,3
300.0,800.0,30.0,1.0,12.047823531402633,3
400.0,800.0,30.0,1.0,14.790543886086596,3
500.0,800.0,30.0,1.0,16.795608150314298,3
600.0,800.0,30.0,1.0,18.1106725215216,3
800.0,800.0,30.0,1.0,19.466279726550468,3
1000.0,800.0,30.0,1.0,19.714066504598748,3
