segment_id,segment_type,condition_index,ratio_r,ratio_b,pwm_r,pwm_b,total_pwm,rb_ratio_pwm,segment_start_master_time,marker_off_request_master_time,marker_off_start_master_time,marker_off_delay_ms,marker_blue_request_master_time,marker_blue_start_master_time,marker_blue_delay_ms,marker_end_master_time,target_pwm_request_master_time,target_pwm_applied_master_time,target_pwm_delay_ms,steady_start_master_time,steady_end_master_time,segment_end_master_time,Ts,T_off,T_blue,T_settle,T_meas,N_spec,ppfd_1,ppfd_1_time,spec_file_1,ppfd_valid_count,PPFD_spec_mean
1,normal,1,1,1,5,5,10,1.000000,2026-03-07T12:16:25.777,2026-03-07T12:16:25.777,2026-03-07T12:16:26.356,579.0,2026-03-07T12:16:36.356,2026-03-07T12:16:37.417,1061.0,2026-03-07T12:16:47.418,2026-03-07T12:16:47.418,2026-03-07T12:16:48.193,775.0,2026-03-07T12:16:58.194,2026-03-07T12:17:48.194,2026-03-07T12:17:48.194,10.0,10.0,10.0,10.0,50.0,1,31.045751571655273,2026-03-07T12:17:23.194,archive/2026-03-07/standard_csv/raw_bytes_20260307_121725.csv,1,31.045751571655273
2,normal,2,1,1,15,15,30,1.000000,2026-03-07T12:17:48.195,2026-03-07T12:17:48.195,2026-03-07T12:17:49.234,1039.0,2026-03-07T12:17:59.234,2026-03-07T12:18:00.196,962.0,2026-03-07T12:18:10.196,2026-03-07T12:18:10.196,2026-03-07T12:18:11.023,827.0,2026-03-07T12:18:21.023,2026-03-07T12:19:11.023,2026-03-07T12:19:11.024,10.0,10.0,10.0,10.0,50.0,1,77.25682067871094,2026-03-07T12:18:46.024,archive/2026-03-07/standard_csv/raw_bytes_20260307_121848.csv,1,77.25682067871094
3,normal,3,1,1,22,22,45,1.000000,2026-03-07T12:19:11.024,2026-03-07T12:19:11.024,2026-03-07T12:19:11.939,915.0,2026-03-07T12:19:21.940,2026-03-07T12:19:23.180,1240.0,2026-03-07T12:19:33.181,2026-03-07T12:19:33.181,2026-03-07T12:19:34.266,1085.0,2026-03-07T12:19:44.266,2026-03-07T12:20:34.266,2026-03-07T12:20:34.267,10.0,10.0,10.0,10.0,50.0,1,110.04663848876953,2026-03-07T12:20:09.267,archive/2026-03-07/standard_csv/raw_bytes_20260307_122011.csv,1,110.04663848876953
4,normal,4,1,1,30,30,60,1.000000,2026-03-07T12:20:34.267,2026-03-07T12:20:34.267,2026-03-07T12:20:35.387,1120.0,2026-03-07T12:20:45.387,2026-03-07T12:20:46.357,970.0,2026-03-07T12:20:56.358,2026-03-07T12:20:56.358,2026-03-07T12:20:57.669,1311.0,2026-03-07T12:21:07.669,2026-03-07T12:21:57.669,2026-03-07T12:21:57.669,10.0,10.0,10.0,10.0,50.0,1,147.55348205566406,2026-03-07T12:21:32.669,archive/2026-03-07/standard_csv/raw_bytes_20260307_122134.csv,1,147.55348205566406
5,normal,5,1,1,40,40,80,1.000000,2026-03-07T12:21:57.669,2026-03-07T12:21:57.669,2026-03-07T12:21:58.854,1185.0,2026-03-07T12:22:08.854,2026-03-07T12:22:09.709,855.0,2026-03-07T12:22:19.710,2026-03-07T12:22:19.710,2026-03-07T12:22:20.563,853.0,2026-03-07T12:22:30.563,2026-03-07T12:23:20.564,2026-03-07T12:23:20.564,10.0,10.0,10.0,10.0,50.0,1,193.86837768554688,2026-03-07T12:22:55.564,archive/2026-03-07/standard_csv/raw_bytes_20260307_122257.csv,1,193.86837768554688
6,normal,6,1,1,50,50,100,1.000000,2026-03-07T12:23:20.564,2026-03-07T12:23:20.564,2026-03-07T12:23:21.585,1020.9999999999999,2026-03-07T12:23:31.585,2026-03-07T12:23:32.537,952.0,2026-03-07T12:23:42.537,2026-03-07T12:23:42.537,2026-03-07T12:23:43.514,977.0,2026-03-07T12:23:53.514,2026-03-07T12:24:43.514,2026-03-07T12:24:43.515,10.0,10.0,10.0,10.0,50.0,1,237.61947631835938,2026-03-07T12:24:18.515,archive/2026-03-07/standard_csv/raw_bytes_20260307_122420.csv,1,237.61947631835938
7,normal,7,3,1,8,2,10,4.000000,2026-03-07T12:24:43.515,2026-03-07T12:24:43.515,2026-03-07T12:24:44.543,1028.0,2026-03-07T12:24:54.544,2026-03-07T12:24:57.959,3415.0,2026-03-07T12:25:07.959,2026-03-07T12:25:07.959,2026-03-07T12:25:08.855,896.0,2026-03-07T12:25:18.856,2026-03-07T12:26:08.856,2026-03-07T12:26:08.856,10.0,10.0,10.0,10.0,50.0,1,26.72750473022461,2026-03-07T12:25:43.856,archive/2026-03-07/standard_csv/raw_bytes_20260307_122546.csv,1,26.72750473022461
8,normal,8,3,1,22,8,30,2.750000,2026-03-07T12:26:08.857,2026-03-07T12:26:08.857,2026-03-07T12:26:09.943,1086.0,2026-03-07T12:26:19.944,2026-03-07T12:26:21.006,1062.0,2026-03-07T12:26:31.007,2026-03-07T12:26:31.007,2026-03-07T12:26:31.960,953.0,2026-03-07T12:26:41.960,2026-03-07T12:27:31.960,2026-03-07T12:27:31.960,10.0,10.0,10.0,10.0,50.0,1,86.81878662109375,2026-03-07T12:27:06.961,archive/2026-03-07/standard_csv/raw_bytes_20260307_122709.csv,1,86.81878662109375
9,normal,9,3,1,34,11,45,3.090909,2026-03-07T12:27:31.960,2026-03-07T12:27:31.960,2026-03-07T12:27:32.781,821.0,2026-03-07T12:27:42.781,2026-03-07T12:27:43.859,1078.0,2026-03-07T12:27:53.859,2026-03-07T12:27:53.859,2026-03-07T12:27:55.008,1149.0,2026-03-07T12:28:05.008,2026-03-07T12:28:55.008,2026-03-07T12:28:55.008,10.0,10.0,10.0,10.0,50.0,1,128.9538116455078,2026-03-07T12:28:30.008,archive/2026-03-07/standard_csv/raw_bytes_20260307_122832.csv,1,128.9538116455078
10,normal,10,3,1,45,15,60,3.000000,2026-03-07T12:28:55.008,2026-03-07T12:28:55.008,2026-03-07T12:28:55.837,829.0,2026-03-07T12:29:05.837,2026-03-07T12:29:06.682,845.0,2026-03-07T12:29:16.682,2026-03-07T12:29:16.682,2026-03-07T12:29:17.789,1107.0,2026-03-07T12:29:27.789,2026-03-07T12:30:17.789,2026-03-07T12:30:17.789,10.0,10.0,10.0,10.0,50.0,1,168.58737182617188,2026-03-07T12:29:52.790,archive/2026-03-07/standard_csv/raw_bytes_20260307_122954.csv,1,168.58737182617188
11,normal,11,3,1,60,20,80,3.000000,2026-03-07T12:30:17.789,2026-03-07T12:30:17.789,2026-03-07T12:30:18.578,789.0,2026-03-07T12:30:28.579,2026-03-07T12:30:30.047,1468.0,2026-03-07T12:30:40.047,2026-03-07T12:30:40.047,2026-03-07T12:30:41.461,1414.0,2026-03-07T12:30:51.461,2026-03-07T12:31:41.461,2026-03-07T12:31:41.461,10.0,10.0,10.0,10.0,50.0,1,220.68479919433594,2026-03-07T12:31:16.461,archive/2026-03-07/standard_csv/raw_bytes_20260307_123118.csv,1,220.68479919433594
12,normal,12,3,1,75,25,100,3.000000,2026-03-07T12:31:41.461,2026-03-07T12:31:41.461,2026-03-07T12:31:42.178,717.0,2026-03-07T12:31:52.178,2026-03-07T12:31:53.408,1230.0,2026-03-07T12:32:03.408,2026-03-07T12:32:03.408,2026-03-07T12:32:04.301,893.0,2026-03-07T12:32:14.301,2026-03-07T12:33:04.301,2026-03-07T12:33:04.301,10.0,10.0,10.0,10.0,50.0,1,287.1168518066406,2026-03-07T12:32:39.302,archive/2026-03-07/standard_csv/raw_bytes_20260307_123241.csv,1,287.1168518066406
13,normal,13,5,1,8,2,10,4.000000,2026-03-07T12:33:04.302,2026-03-07T12:33:04.302,2026-03-07T12:33:05.493,1191.0,2026-03-07T12:33:15.493,2026-03-07T12:33:17.187,1694.0,2026-03-07T12:33:27.187,2026-03-07T12:33:27.187,2026-03-07T12:33:29.049,1862.0,2026-03-07T12:33:39.049,2026-03-07T12:34:29.049,2026-03-07T12:34:29.049,10.0,10.0,10.0,10.0,50.0,1,26.775238037109375,2026-03-07T12:34:04.049,archive/2026-03-07/standard_csv/raw_bytes_20260307_123406.csv,1,26.775238037109375
14,normal,14,5,1,25,5,30,5.000000,2026-03-07T12:34:29.049,2026-03-07T12:34:29.049,2026-03-07T12:34:30.121,1072.0,2026-03-07T12:34:40.121,2026-03-07T12:34:40.933,812.0,2026-03-07T12:34:50.934,2026-03-07T12:34:50.934,2026-03-07T12:34:51.931,997.0,2026-03-07T12:35:01.932,2026-03-07T12:35:51.932,2026-03-07T12:35:51.932,10.0,10.0,10.0,10.0,50.0,1,91.04871368408203,2026-03-07T12:35:26.932,archive/2026-03-07/standard_csv/raw_bytes_20260307_123529.csv,1,91.04871368408203
15,normal,15,5,1,38,8,45,4.750000,2026-03-07T12:35:51.933,2026-03-07T12:35:51.933,2026-03-07T12:35:53.099,1166.0,2026-03-07T12:36:03.099,2026-03-07T12:36:03.672,573.0,2026-03-07T12:36:13.672,2026-03-07T12:36:13.672,2026-03-07T12:36:14.731,1059.0,2026-03-07T12:36:24.731,2026-03-07T12:37:14.731,2026-03-07T12:37:14.731,10.0,10.0,10.0,10.0,50.0,1,135.78274536132812,2026-03-07T12:36:49.731,archive/2026-03-07/standard_csv/raw_bytes_20260307_123651.csv,1,135.78274536132812
16,normal,16,5,1,50,10,60,5.000000,2026-03-07T12:37:14.731,2026-03-07T12:37:14.731,2026-03-07T12:37:15.927,1196.0,2026-03-07T12:37:25.927,2026-03-07T12:37:27.027,1100.0,2026-03-07T12:37:37.027,2026-03-07T12:37:37.027,2026-03-07T12:37:38.343,1316.0,2026-03-07T12:37:48.344,2026-03-07T12:38:38.345,2026-03-07T12:38:38.345,10.0,10.0,10.0,10.0,50.0,1,173.7073211669922,2026-03-07T12:38:13.345,archive/2026-03-07/standard_csv/raw_bytes_20260307_123815.csv,1,173.7073211669922
17,normal,17,5,1,67,13,80,5.153846,2026-03-07T12:38:38.345,2026-03-07T12:38:38.345,2026-03-07T12:38:39.578,1233.0,2026-03-07T12:38:49.578,2026-03-07T12:38:51.250,1672.0,2026-03-07T12:39:01.250,2026-03-07T12:39:01.250,2026-03-07T12:39:02.405,1155.0,2026-03-07T12:39:12.406,2026-03-07T12:40:02.406,2026-03-07T12:40:02.406,10.0,10.0,10.0,10.0,50.0,1,241.66964721679688,2026-03-07T12:39:37.406,archive/2026-03-07/standard_csv/raw_bytes_20260307_123939.csv,1,241.66964721679688
18,normal,18,5,1,83,17,100,4.882353,2026-03-07T12:40:02.407,2026-03-07T12:40:02.407,2026-03-07T12:40:04.010,1603.0,2026-03-07T12:40:14.010,2026-03-07T12:40:15.733,1723.0,2026-03-07T12:40:25.733,2026-03-07T12:40:25.733,2026-03-07T12:40:26.385,652.0,2026-03-07T12:40:36.386,2026-03-07T12:41:26.387,2026-03-07T12:41:26.387,10.0,10.0,10.0,10.0,50.0,1,277.81927490234375,2026-03-07T12:41:01.387,archive/2026-03-07/standard_csv/raw_bytes_20260307_124103.csv,1,277.81927490234375
19,normal,19,7,1,9,1,10,9.000000,2026-03-07T12:41:26.387,2026-03-07T12:41:26.387,2026-03-07T12:41:27.444,1057.0,2026-03-07T12:41:37.444,2026-03-07T12:41:38.490,1046.0,2026-03-07T12:41:48.490,2026-03-07T12:41:48.490,2026-03-07T12:41:49.959,1469.0,2026-03-07T12:41:59.959,2026-03-07T12:42:49.959,2026-03-07T12:42:49.959,10.0,10.0,10.0,10.0,50.0,1,29.743928909301758,2026-03-07T12:42:24.959,archive/2026-03-07/standard_csv/raw_bytes_20260307_124227.csv,1,29.743928909301758
20,normal,20,7,1,26,4,30,6.500000,2026-03-07T12:42:49.960,2026-03-07T12:42:49.960,2026-03-07T12:42:51.133,1173.0,2026-03-07T12:43:01.133,2026-03-07T12:43:02.415,1282.0,2026-03-07T12:43:12.415,2026-03-07T12:43:12.415,2026-03-07T12:43:13.863,1448.0,2026-03-07T12:43:23.863,2026-03-07T12:44:13.863,2026-03-07T12:44:13.863,10.0,10.0,10.0,10.0,50.0,1,92.657958984375,2026-03-07T12:43:48.863,archive/2026-03-07/standard_csv/raw_bytes_20260307_124351.csv,1,92.657958984375
21,normal,21,7,1,39,6,45,6.500000,2026-03-07T12:44:13.864,2026-03-07T12:44:13.864,2026-03-07T12:44:15.088,1224.0,2026-03-07T12:44:25.088,2026-03-07T12:44:26.713,1625.0,2026-03-07T12:44:36.713,2026-03-07T12:44:36.713,2026-03-07T12:44:37.822,1109.0,2026-03-07T12:44:47.822,2026-03-07T12:45:37.823,2026-03-07T12:45:37.823,10.0,10.0,10.0,10.0,50.0,1,135.59254455566406,2026-03-07T12:45:12.823,archive/2026-03-07/standard_csv/raw_bytes_20260307_124514.csv,1,135.59254455566406
22,normal,22,7,1,52,8,60,6.500000,2026-03-07T12:45:37.823,2026-03-07T12:45:37.823,2026-03-07T12:45:39.864,2041.0,2026-03-07T12:45:49.864,2026-03-07T12:45:51.234,1370.0,2026-03-07T12:46:01.234,2026-03-07T12:46:01.234,2026-03-07T12:46:02.439,1205.0,2026-03-07T12:46:12.439,2026-03-07T12:47:02.440,2026-03-07T12:47:02.440,10.0,10.0,10.0,10.0,50.0,1,176.19589233398438,2026-03-07T12:46:37.440,archive/2026-03-07/standard_csv/raw_bytes_20260307_124639.csv,1,176.19589233398438
23,normal,23,7,1,70,10,80,7.000000,2026-03-07T12:47:02.440,2026-03-07T12:47:02.441,2026-03-07T12:47:04.855,2414.0,2026-03-07T12:47:14.856,2026-03-07T12:47:16.930,2074.0,2026-03-07T12:47:26.930,2026-03-07T12:47:26.930,2026-03-07T12:47:29.551,2621.0,2026-03-07T12:47:39.551,2026-03-07T12:48:29.552,2026-03-07T12:48:29.552,10.0,10.0,10.0,10.0,50.0,1,245.83132934570312,2026-03-07T12:48:04.552,archive/2026-03-07/standard_csv/raw_bytes_20260307_124806.csv,1,245.83132934570312
24,normal,24,7,1,88,12,100,7.333333,2026-03-07T12:48:29.552,2026-03-07T12:48:29.552,2026-03-07T12:48:30.855,1303.0,2026-03-07T12:48:40.856,2026-03-07T12:48:43.544,2688.0,2026-03-07T12:48:53.545,2026-03-07T12:48:53.545,2026-03-07T12:48:56.248,2703.0,2026-03-07T12:49:06.249,2026-03-07T12:49:56.249,2026-03-07T12:49:56.249,10.0,10.0,10.0,10.0,50.0,1,284.5072021484375,2026-03-07T12:49:31.249,archive/2026-03-07/standard_csv/raw_bytes_20260307_124933.csv,1,284.5072021484375
25,normal,25,1,0,10,0,10,inf,2026-03-07T12:49:56.250,2026-03-07T12:49:56.250,2026-03-07T12:49:57.529,1279.0,2026-03-07T12:50:07.529,2026-03-07T12:50:08.777,1248.0,2026-03-07T12:50:18.777,2026-03-07T12:50:18.777,2026-03-07T12:50:20.041,1264.0,2026-03-07T12:50:30.041,2026-03-07T12:51:20.042,2026-03-07T12:51:20.042,10.0,10.0,10.0,10.0,50.0,1,32.99822235107422,2026-03-07T12:50:55.042,archive/2026-03-07/standard_csv/raw_bytes_20260307_125057.csv,1,32.99822235107422
26,normal,26,1,0,30,0,30,inf,2026-03-07T12:51:20.042,2026-03-07T12:51:20.043,2026-03-07T12:51:21.761,1718.0,2026-03-07T12:51:31.761,2026-03-07T12:51:33.042,1281.0,2026-03-07T12:51:43.042,2026-03-07T12:51:43.042,2026-03-07T12:51:44.567,1525.0,2026-03-07T12:51:54.567,2026-03-07T12:52:44.567,2026-03-07T12:52:44.568,10.0,10.0,10.0,10.0,50.0,1,94.8138198852539,2026-03-07T12:52:19.567,archive/2026-03-07/standard_csv/raw_bytes_20260307_125221.csv,1,94.8138198852539
27,normal,27,1,0,45,0,45,inf,2026-03-07T12:52:44.568,2026-03-07T12:52:44.568,2026-03-07T12:52:45.849,1281.0,2026-03-07T12:52:55.850,2026-03-07T12:52:57.566,1716.0,2026-03-07T12:53:07.566,2026-03-07T12:53:07.566,2026-03-07T12:53:08.106,540.0,2026-03-07T12:53:18.106,2026-03-07T12:54:08.106,2026-03-07T12:54:08.106,10.0,10.0,10.0,10.0,50.0,1,140.43826293945312,2026-03-07T12:53:43.107,archive/2026-03-07/standard_csv/raw_bytes_20260307_125345.csv,1,140.43826293945312
28,normal,28,1,0,60,0,60,inf,2026-03-07T12:54:08.107,2026-03-07T12:54:08.107,2026-03-07T12:54:09.563,1456.0,2026-03-07T12:54:19.563,2026-03-07T12:54:20.861,1298.0,2026-03-07T12:54:30.862,2026-03-07T12:54:30.862,2026-03-07T12:54:32.286,1424.0,2026-03-07T12:54:42.287,2026-03-07T12:55:32.288,2026-03-07T12:55:32.288,10.0,10.0,10.0,10.0,50.0,1,184.85189819335938,2026-03-07T12:55:07.287,archive/2026-03-07/standard_csv/raw_bytes_20260307_125509.csv,1,184.85189819335938
29,normal,29,1,0,80,0,80,inf,2026-03-07T12:55:32.288,2026-03-07T12:55:32.288,2026-03-07T12:55:33.914,1626.0,2026-03-07T12:55:43.914,2026-03-07T12:55:45.297,1383.0,2026-03-07T12:55:55.297,2026-03-07T12:55:55.297,2026-03-07T12:55:55.942,645.0,2026-03-07T12:56:05.942,2026-03-07T12:56:55.942,2026-03-07T12:56:55.942,10.0,10.0,10.0,10.0,50.0,1,240.3459014892578,2026-03-07T12:56:30.943,archive/2026-03-07/standard_csv/raw_bytes_20260307_125633.csv,1,240.3459014892578
30,normal,30,1,0,100,0,100,inf,2026-03-07T12:56:55.943,2026-03-07T12:56:55.943,2026-03-07T12:56:57.071,1128.0,2026-03-07T12:57:07.072,2026-03-07T12:57:08.137,1065.0,2026-03-07T12:57:18.137,2026-03-07T12:57:18.137,2026-03-07T12:57:19.450,1313.0,2026-03-07T12:57:29.450,2026-03-07T12:58:19.451,2026-03-07T12:58:19.451,10.0,10.0,10.0,10.0,50.0,1,314.3580322265625,2026-03-07T12:57:54.451,archive/2026-03-07/standard_csv/raw_bytes_20260307_125756.csv,1,314.3580322265625
