id,timestamp,device_id,update_type,temperature,humidity,a1_raw,vcap_raw,sp_415,sp_445,sp_480,sp_515,sp_555,sp_590,sp_630,sp_680,sp_clear,sp_nir,spectral_gain,sleep_time,PPFD,led_status
9037,2025-09-23 07:00:42.791,L_6vSQ==,PACKET_DATA,17.5,54.15,0.015,2.981,258.0,1356.0,700.0,202.0,6129.0,444.0,257.0,291.0,5127.0,7483.0,1,90,500,1
9039,2025-09-23 07:02:13.456,L_6vSQ==,PACKET_DATA,17.88,53.41,0.016,2.989,258.0,1359.0,702.0,202.0,6108.0,442.0,257.0,289.0,5072.0,7499.0,1,90,500,1
9041,2025-09-23 07:03:44.041,L_6vSQ==,PACKET_DATA,18.56,51.63,0.016,2.989,258.0,1363.0,703.0,202.0,6111.0,442.0,257.0,289.0,5044.0,7539.0,1,90,500,1
9043,2025-09-23 07:05:14.703,L_6vSQ==,PACKET_DATA,18.94,50.73,0.016,2.989,259.0,1366.0,705.0,202.0,6117.0,442.0,258.0,289.0,5024.0,7580.0,1,90,500,1
9045,2025-09-23 07:06:45.292,L_6vSQ==,PACKET_DATA,19.5,49.22,1.629,3.825,259.0,1368.0,706.0,202.0,6124.0,443.0,259.0,289.0,5007.0,7619.0,1,90,500,1
9047,2025-09-23 07:08:15.813,L_6vSQ==,PACKET_DATA,19.74,47.94,1.629,4.706,258.0,1356.0,701.0,202.0,6098.0,441.0,259.0,289.0,4979.0,7634.0,1,90,500,1
9049,2025-09-23 07:09:46.510,L_6vSQ==,PACKET_DATA,20.25,47.18,1.631,4.695,260.0,1371.0,709.0,203.0,6136.0,444.0,260.0,290.0,4978.0,7684.0,1,90,500,1
9051,2025-09-23 07:11:17.069,L_6vSQ==,PACKET_DATA,20.62,46.27,1.631,4.695,260.0,1372.0,709.0,203.0,6141.0,444.0,260.0,290.0,4969.0,7711.0,1,90,500,1
9053,2025-09-23 07:12:47.646,L_6vSQ==,PACKET_DATA,20.94,45.46,1.631,4.695,259.0,1359.0,704.0,202.0,6111.0,442.0,259.0,288.0,4937.0,7700.0,1,90,500,1
9055,2025-09-23 07:14:18.234,L_6vSQ==,PACKET_DATA,21.25,44.66,1.706,4.71,260.0,1374.0,711.0,203.0,6147.0,444.0,261.0,290.0,4949.0,7754.0,1,90,500,1
9057,2025-09-23 07:15:48.904,L_6vSQ==,PACKET_DATA,21.5,43.93,1.706,4.71,261.0,1375.0,712.0,204.0,6152.0,445.0,261.0,290.0,4941.0,7774.0,1,90,500,1
9059,2025-09-23 07:17:19.445,L_6vSQ==,PACKET_DATA,21.51,43.58,1.615,4.705,261.0,1375.0,712.0,204.0,6156.0,445.0,262.0,290.0,4937.0,7790.0,1,90,500,1
9061,2025-09-23 07:18:50.085,L_6vSQ==,PACKET_DATA,22.0,42.98,1.615,4.705,261.0,1376.0,713.0,204.0,6158.0,445.0,262.0,290.0,4931.0,7806.0,1,90,500,1
9063,2025-09-23 07:20:20.745,L_6vSQ==,PACKET_DATA,22.06,42.48,1.613,4.703,261.0,1376.0,713.0,204.0,6160.0,445.0,262.0,290.0,4926.0,7817.0,1,90,500,1
9065,2025-09-23 07:21:51.353,L_6vSQ==,PACKET_DATA,22.25,42.16,1.615,4.705,261.0,1376.0,714.0,204.0,6163.0,445.0,262.0,290.0,4922.0,7830.0,1,90,500,1
9067,2025-09-23 07:23:21.956,L_6vSQ==,PACKET_DATA,22.44,42.08,1.687,4.711,261.0,1376.0,714.0,204.0,6166.0,445.0,262.0,290.0,4916.0,7840.0,1,90,500,1
9069,2025-09-23 07:24:52.485,L_6vSQ==,PACKET_DATA,22.49,41.74,1.692,4.714,262.0,1377.0,714.0,204.0,6168.0,446.0,263.0,290.0,4914.0,7851.0,1,90,500,1
9071,2025-09-23 07:26:23.123,L_6vSQ==,PACKET_DATA,22.74,41.34,1.615,4.705,262.0,1377.0,715.0,204.0,6169.0,446.0,263.0,290.0,4911.0,7858.0,1,90,500,1
9073,2025-09-23 07:27:53.763,L_6vSQ==,PACKET_DATA,22.65,41.06,1.613,4.702,262.0,1378.0,715.0,204.0,6172.0,446.0,263.0,290.0,4910.0,7867.0,1,90,500,1
9075,2025-09-23 07:29:24.292,L_6vSQ==,PACKET_DATA,23.0,40.73,1.615,4.705,262.0,1378.0,715.0,204.0,6168.0,446.0,263.0,290.0,4906.0,7873.0,1,90,500,1
9077,2025-09-23 07:30:54.907,L_6vSQ==,PACKET_DATA,22.99,40.56,1.673,4.705,260.0,1361.0,708.0,203.0,6132.0,443.0,262.0,289.0,4879.0,7838.0,1,90,500,1
9079,2025-09-23 07:32:25.573,L_6vSQ==,PACKET_DATA,23.01,40.41,1.683,4.705,260.0,1357.0,706.0,203.0,6125.0,443.0,261.0,288.0,4871.0,7834.0,1,90,500,1
9081,2025-09-23 07:33:56.191,L_6vSQ==,PACKET_DATA,23.12,40.21,1.642,4.705,262.0,1378.0,716.0,205.0,6177.0,446.0,263.0,290.0,4901.0,7892.0,1,90,500,1
9083,2025-09-23 07:35:26.721,L_6vSQ==,PACKET_DATA,23.25,40.02,1.642,4.705,262.0,1377.0,716.0,205.0,6176.0,446.0,263.0,290.0,4899.0,7895.0,1,90,500,1
9085,2025-09-23 07:36:57.374,L_6vSQ==,PACKET_DATA,23.25,39.99,1.681,4.712,262.0,1378.0,716.0,205.0,6177.0,446.0,264.0,290.0,4897.0,7900.0,1,90,500,1
9087,2025-09-23 07:38:28.011,L_6vSQ==,PACKET_DATA,23.38,39.86,1.682,4.712,262.0,1378.0,716.0,205.0,6179.0,446.0,264.0,291.0,4895.0,7906.0,1,90,500,1
9089,2025-09-23 07:39:58.556,L_6vSQ==,PACKET_DATA,23.55,39.71,1.681,4.713,262.0,1378.0,717.0,205.0,6180.0,446.0,264.0,290.0,4894.0,7906.0,1,90,500,1
9091,2025-09-23 07:41:29.173,L_6vSQ==,PACKET_DATA,23.55,39.54,1.677,4.713,262.0,1378.0,717.0,205.0,6178.0,446.0,264.0,290.0,4891.0,7913.0,1,90,500,1
9093,2025-09-23 07:42:59.748,L_6vSQ==,PACKET_DATA,23.55,39.55,1.673,4.711,260.0,1360.0,709.0,204.0,6134.0,444.0,262.0,289.0,4861.0,7869.0,1,90,500,1
9095,2025-09-23 07:44:30.364,L_6vSQ==,PACKET_DATA,23.74,39.25,1.677,4.713,262.0,1378.0,717.0,205.0,6181.0,447.0,264.0,290.0,4888.0,7919.0,1,90,500,1
9097,2025-09-23 07:46:01.020,L_6vSQ==,PACKET_DATA,23.74,39.4,1.677,4.715,262.0,1377.0,717.0,205.0,6184.0,447.0,264.0,291.0,4890.0,7925.0,1,90,500,1
9099,2025-09-23 07:47:31.545,L_6vSQ==,PACKET_DATA,23.74,39.24,1.677,4.713,262.0,1378.0,717.0,205.0,6184.0,447.0,264.0,291.0,4888.0,7927.0,1,90,500,1
9101,2025-09-23 07:49:02.179,L_6vSQ==,PACKET_DATA,23.77,39.24,1.653,4.708,262.0,1378.0,717.0,205.0,6184.0,447.0,264.0,290.0,4887.0,7929.0,1,90,500,1
9103,2025-09-23 07:50:32.830,L_6vSQ==,PACKET_DATA,23.75,39.01,1.653,4.708,263.0,1378.0,717.0,205.0,6185.0,447.0,264.0,291.0,4887.0,7934.0,1,90,500,1
9105,2025-09-23 07:52:03.450,L_6vSQ==,PACKET_DATA,23.99,38.84,1.677,4.713,261.0,1362.0,710.0,204.0,6148.0,444.0,263.0,289.0,4862.0,7896.0,1,90,500,1
9107,2025-09-23 07:53:34.041,L_6vSQ==,PACKET_DATA,23.99,38.7,1.677,4.713,262.0,1378.0,717.0,205.0,6185.0,447.0,264.0,291.0,4881.0,7937.0,1,90,500,1
9109,2025-09-23 07:55:04.591,L_6vSQ==,PACKET_DATA,23.98,38.69,1.675,4.717,263.0,1378.0,718.0,205.0,6187.0,447.0,264.0,291.0,4883.0,7938.0,1,90,500,1
9111,2025-09-23 07:56:35.176,L_6vSQ==,PACKET_DATA,24.06,38.58,1.675,4.717,263.0,1378.0,718.0,205.0,6187.0,447.0,264.0,291.0,4881.0,7941.0,1,90,500,1
9113,2025-09-23 07:58:05.841,L_6vSQ==,PACKET_DATA,24.22,38.6,1.632,4.71,263.0,1378.0,718.0,205.0,6187.0,447.0,264.0,290.0,4882.0,7944.0,1,90,500,1
9115,2025-09-23 07:59:36.418,L_6vSQ==,PACKET_DATA,24.06,38.41,1.632,4.71,263.0,1378.0,718.0,205.0,6188.0,447.0,264.0,291.0,4882.0,7947.0,1,90,500,1
9117,2025-09-23 08:01:07.030,L_6vSQ==,PACKET_DATA,24.12,38.33,1.675,4.717,261.0,1365.0,712.0,204.0,6156.0,445.0,263.0,289.0,4860.0,7914.0,1,90,500,1
9119,2025-09-23 08:02:37.597,L_6vSQ==,PACKET_DATA,24.25,38.41,1.632,4.71,261.0,1361.0,711.0,204.0,6149.0,445.0,263.0,289.0,4854.0,7907.0,1,90,500,1
9121,2025-09-23 08:04:08.221,L_6vSQ==,PACKET_DATA,24.5,38.17,1.632,4.71,263.0,1378.0,718.0,205.0,6188.0,447.0,264.0,291.0,4878.0,7950.0,1,90,500,1
9123,2025-09-23 08:05:38.866,L_6vSQ==,PACKET_DATA,24.25,38.2,1.632,4.706,263.0,1378.0,718.0,205.0,6184.0,447.0,264.0,291.0,4878.0,7955.0,1,90,500,1
9125,2025-09-23 08:07:09.496,L_6vSQ==,PACKET_DATA,24.49,38.08,1.64,4.71,261.0,1361.0,711.0,204.0,6148.0,444.0,263.0,289.0,4849.0,7910.0,1,90,500,1
9127,2025-09-23 08:08:40.013,L_6vSQ==,PACKET_DATA,24.37,38.07,1.671,4.716,263.0,1378.0,718.0,205.0,6188.0,447.0,265.0,291.0,4876.0,7958.0,1,90,500,1
9129,2025-09-23 08:10:10.635,L_6vSQ==,PACKET_DATA,24.44,37.97,1.64,4.71,263.0,1378.0,719.0,205.0,6190.0,447.0,265.0,291.0,4875.0,7960.0,1,90,500,1
9131,2025-09-23 08:11:41.280,L_6vSQ==,PACKET_DATA,24.5,37.89,1.604,4.71,263.0,1377.0,718.0,205.0,6190.0,447.0,265.0,291.0,4874.0,7962.0,1,90,500,1
9133,2025-09-23 08:13:11.828,L_6vSQ==,PACKET_DATA,24.51,37.84,1.604,4.705,263.0,1378.0,718.0,205.0,6189.0,447.0,265.0,291.0,4874.0,7964.0,1,90,500,1
9135,2025-09-23 08:14:42.453,L_6vSQ==,PACKET_DATA,24.5,37.8,1.631,4.71,263.0,1378.0,719.0,205.0,6190.0,447.0,265.0,291.0,4870.0,7965.0,1,90,500,1
9137,2025-09-23 08:16:13.065,L_6vSQ==,PACKET_DATA,24.52,37.61,1.631,4.71,263.0,1378.0,718.0,205.0,6190.0,447.0,265.0,291.0,4869.0,7965.0,1,90,500,1
9139,2025-09-23 08:17:43.661,L_6vSQ==,PACKET_DATA,24.62,37.73,1.632,4.713,261.0,1356.0,709.0,204.0,6138.0,444.0,263.0,288.0,4838.0,7911.0,1,90,500,1
9141,2025-09-23 08:19:14.307,L_6vSQ==,PACKET_DATA,24.63,37.75,1.63,4.71,263.0,1378.0,719.0,205.0,6192.0,447.0,265.0,291.0,4872.0,7970.0,1,90,500,1
9143,2025-09-23 08:20:44.868,L_6vSQ==,PACKET_DATA,24.62,37.57,1.604,4.705,263.0,1378.0,719.0,206.0,6192.0,447.0,265.0,291.0,4871.0,7970.0,1,90,500,1
9145,2025-09-23 08:22:15.494,L_6vSQ==,PACKET_DATA,24.56,37.57,1.63,4.705,263.0,1377.0,719.0,206.0,6192.0,447.0,265.0,291.0,4871.0,7971.0,1,90,500,1
9147,2025-09-23 08:23:46.130,L_6vSQ==,PACKET_DATA,24.71,37.61,1.632,4.71,263.0,1378.0,719.0,206.0,6193.0,447.0,265.0,291.0,4870.0,7976.0,1,90,500,1
9149,2025-09-23 08:25:16.667,L_6vSQ==,PACKET_DATA,24.5,37.49,1.632,4.708,263.0,1377.0,719.0,206.0,6192.0,447.0,265.0,291.0,4869.0,7977.0,1,90,500,1
9151,2025-09-23 08:26:47.295,L_6vSQ==,PACKET_DATA,24.87,37.33,1.63,4.705,263.0,1378.0,719.0,205.0,6194.0,447.0,264.0,290.0,4856.0,7958.0,1,90,500,1
9153,2025-09-23 08:28:17.914,L_6vSQ==,PACKET_DATA,25.0,37.26,1.619,4.704,263.0,1377.0,719.0,206.0,6193.0,447.0,265.0,291.0,4869.0,7981.0,1,90,500,1
9155,2025-09-23 08:29:48.493,L_6vSQ==,PACKET_DATA,25.0,37.16,1.619,4.705,261.0,1355.0,709.0,204.0,6139.0,444.0,263.0,288.0,4832.0,7922.0,1,90,500,1
9157,2025-09-23 08:31:19.158,L_6vSQ==,PACKET_DATA,24.87,37.19,1.63,4.705,263.0,1378.0,719.0,206.0,6195.0,447.0,265.0,291.0,4868.0,7984.0,1,90,500,1
9159,2025-09-23 08:32:49.780,L_6vSQ==,PACKET_DATA,24.81,37.16,1.632,4.707,263.0,1377.0,719.0,205.0,6194.0,447.0,265.0,291.0,4866.0,7984.0,1,90,500,1
9161,2025-09-23 08:34:20.324,L_6vSQ==,PACKET_DATA,25.0,37.03,1.632,4.705,263.0,1377.0,719.0,206.0,6193.0,447.0,265.0,291.0,4865.0,7983.0,1,90,500,1
9163,2025-09-23 08:35:50.939,L_6vSQ==,PACKET_DATA,24.87,37.03,1.632,4.705,263.0,1377.0,719.0,206.0,6193.0,447.0,265.0,291.0,4865.0,7982.0,1,90,500,1
9165,2025-09-23 08:37:21.542,L_6vSQ==,PACKET_DATA,25.0,37.05,1.636,4.707,263.0,1377.0,719.0,206.0,6194.0,447.0,265.0,291.0,4864.0,7986.0,1,90,500,1
9167,2025-09-23 08:38:52.105,L_6vSQ==,PACKET_DATA,25.06,37.07,1.636,4.707,263.0,1377.0,719.0,206.0,6191.0,447.0,265.0,291.0,4864.0,7987.0,1,90,500,1
9169,2025-09-23 08:40:22.732,L_6vSQ==,PACKET_DATA,25.0,36.99,1.619,4.705,263.0,1377.0,719.0,206.0,6195.0,447.0,265.0,291.0,4863.0,7991.0,1,90,500,1
9171,2025-09-23 08:41:53.372,L_6vSQ==,PACKET_DATA,25.0,36.93,1.619,4.705,263.0,1377.0,719.0,206.0,6194.0,447.0,265.0,291.0,4862.0,7991.0,1,90,500,1
9173,2025-09-23 08:43:23.919,L_6vSQ==,PACKET_DATA,25.0,36.82,1.619,4.705,263.0,1377.0,720.0,206.0,6195.0,447.0,265.0,291.0,4863.0,7992.0,1,90,500,1
9175,2025-09-23 08:44:54.536,L_6vSQ==,PACKET_DATA,25.06,36.81,1.661,4.705,262.0,1363.0,713.0,204.0,6160.0,445.0,264.0,289.0,4841.0,7959.0,1,90,500,1
9177,2025-09-23 08:46:25.170,L_6vSQ==,PACKET_DATA,25.06,36.76,1.661,4.705,263.0,1377.0,719.0,206.0,6195.0,448.0,265.0,291.0,4862.0,7994.0,1,90,500,1
9179,2025-09-23 08:47:55.741,L_6vSQ==,PACKET_DATA,25.25,36.72,1.664,4.717,261.0,1358.0,711.0,204.0,6148.0,445.0,263.0,289.0,4833.0,7948.0,1,90,500,1
9181,2025-09-23 08:49:26.418,L_6vSQ==,PACKET_DATA,25.25,36.6,1.664,4.702,262.0,1369.0,716.0,205.0,6178.0,446.0,264.0,290.0,4850.0,7974.0,1,90,500,1
9183,2025-09-23 08:50:57.030,L_6vSQ==,PACKET_DATA,25.25,36.69,1.664,4.702,262.0,1365.0,714.0,205.0,6166.0,446.0,264.0,290.0,4843.0,7969.0,1,90,500,1
9185,2025-09-23 08:52:27.615,L_6vSQ==,PACKET_DATA,25.25,36.53,1.668,4.71,261.0,1359.0,712.0,204.0,6152.0,445.0,264.0,289.0,4834.0,7956.0,1,90,500,1
9187,2025-09-23 08:53:58.164,L_6vSQ==,PACKET_DATA,25.22,36.65,1.668,4.71,262.0,1365.0,715.0,205.0,6170.0,446.0,264.0,290.0,4843.0,7973.0,1,90,500,1
9189,2025-09-23 08:55:28.830,L_6vSQ==,PACKET_DATA,25.25,36.51,1.687,4.712,262.0,1368.0,715.0,205.0,6174.0,446.0,264.0,290.0,4843.0,7974.0,1,90,500,1
9191,2025-09-23 08:56:59.393,L_6vSQ==,PACKET_DATA,25.38,36.42,1.62,4.704,263.0,1377.0,720.0,206.0,6195.0,448.0,265.0,291.0,4859.0,8003.0,1,90,500,1
9193,2025-09-23 08:58:30.052,L_6vSQ==,PACKET_DATA,25.38,36.27,1.62,4.704,262.0,1366.0,715.0,205.0,6171.0,446.0,264.0,289.0,4834.0,7962.0,1,90,500,1
9195,2025-09-23 09:00:00.614,L_6vSQ==,PACKET_DATA,25.44,36.3,1.662,4.711,262.0,1364.0,714.0,205.0,6166.0,446.0,264.0,290.0,4838.0,7973.0,1,90,500,1
9197,2025-09-23 09:01:31.188,L_6vSQ==,PACKET_DATA,25.47,36.38,1.662,4.711,260.0,1349.0,707.0,204.0,6129.0,443.0,263.0,288.0,4812.0,7929.0,1,90,500,1
9199,2025-09-23 09:03:01.826,L_6vSQ==,PACKET_DATA,25.44,36.31,1.687,4.703,262.0,1362.0,713.0,205.0,6162.0,445.0,264.0,290.0,4841.0,7979.0,1,90,500,1
9201,2025-09-23 09:04:32.385,L_6vSQ==,PACKET_DATA,25.25,36.18,1.687,4.703,262.0,1368.0,716.0,205.0,6175.0,446.0,264.0,289.0,4836.0,7973.0,1,90,500,1
9203,2025-09-23 09:06:03.016,L_6vSQ==,PACKET_DATA,25.49,36.23,1.621,4.703,262.0,1366.0,715.0,205.0,6171.0,446.0,263.0,289.0,4825.0,7956.0,1,90,500,1
9205,2025-09-23 09:07:33.601,L_6vSQ==,PACKET_DATA,25.52,36.06,1.663,4.705,263.0,1377.0,720.0,206.0,6197.0,448.0,265.0,291.0,4854.0,8010.0,1,90,500,1
9207,2025-09-23 09:09:04.268,L_6vSQ==,PACKET_DATA,25.5,36.06,1.663,4.709,263.0,1376.0,720.0,206.0,6196.0,448.0,264.0,289.0,4830.0,7970.0,1,90,500,1
9209,2025-09-23 09:10:34.826,L_6vSQ==,PACKET_DATA,25.49,35.93,1.622,4.709,263.0,1377.0,720.0,206.0,6197.0,448.0,265.0,291.0,4854.0,8012.0,1,90,500,1
9211,2025-09-23 09:12:05.454,L_6vSQ==,PACKET_DATA,25.48,35.83,1.597,4.705,263.0,1376.0,720.0,206.0,6197.0,448.0,265.0,291.0,4852.0,8011.0,1,90,500,1
9213,2025-09-23 09:13:36.091,L_6vSQ==,PACKET_DATA,25.62,36.04,1.597,4.705,262.0,1360.0,712.0,204.0,6157.0,445.0,264.0,289.0,4827.0,7969.0,1,90,500,1
9215,2025-09-23 09:15:06.660,L_6vSQ==,PACKET_DATA,25.59,35.95,1.622,4.705,261.0,1356.0,711.0,204.0,6148.0,445.0,263.0,289.0,4820.0,7960.0,1,90,500,1
9217,2025-09-23 09:16:37.283,L_6vSQ==,PACKET_DATA,25.49,36.0,1.657,4.709,263.0,1376.0,720.0,206.0,6197.0,448.0,265.0,291.0,4851.0,8015.0,1,90,500,1
9219,2025-09-23 09:18:07.841,L_6vSQ==,PACKET_DATA,25.62,35.79,1.622,4.714,263.0,1376.0,720.0,206.0,6193.0,448.0,265.0,291.0,4851.0,8016.0,1,90,500,1
9221,2025-09-23 09:19:38.483,L_6vSQ==,PACKET_DATA,25.62,35.79,1.622,4.705,263.0,1376.0,720.0,206.0,6197.0,448.0,265.0,290.0,4836.0,7994.0,1,90,500,1
9223,2025-09-23 09:21:09.121,L_6vSQ==,PACKET_DATA,25.74,35.63,1.622,4.705,263.0,1376.0,720.0,206.0,6197.0,448.0,265.0,291.0,4849.0,8017.0,1,90,500,1
9225,2025-09-23 09:22:39.743,L_6vSQ==,PACKET_DATA,25.74,35.73,1.622,4.711,263.0,1376.0,720.0,206.0,6196.0,448.0,265.0,291.0,4849.0,8018.0,1,90,500,1
9227,2025-09-23 09:24:10.260,L_6vSQ==,PACKET_DATA,25.86,35.64,1.623,4.712,263.0,1376.0,720.0,206.0,6197.0,448.0,266.0,291.0,4848.0,8019.0,1,90,500,1
9229,2025-09-23 09:25:40.893,L_6vSQ==,PACKET_DATA,25.74,35.73,1.63,4.714,262.0,1365.0,715.0,205.0,6172.0,446.0,265.0,290.0,4834.0,7997.0,1,90,500,1
9231,2025-09-23 09:27:11.555,L_6vSQ==,PACKET_DATA,25.72,35.67,1.63,4.714,262.0,1361.0,713.0,205.0,6161.0,445.0,264.0,289.0,4827.0,7986.0,1,90,500,1
9233,2025-09-23 09:28:42.071,L_6vSQ==,PACKET_DATA,25.74,35.47,1.63,4.714,263.0,1376.0,720.0,206.0,6196.0,448.0,266.0,291.0,4846.0,8021.0,1,90,500,1
9235,2025-09-23 09:30:12.716,L_6vSQ==,PACKET_DATA,25.87,35.5,1.63,4.714,260.0,1346.0,706.0,203.0,6125.0,443.0,263.0,288.0,4803.0,7947.0,1,90,500,1
9237,2025-09-23 09:31:43.360,L_6vSQ==,PACKET_DATA,25.73,35.57,1.643,4.72,262.0,1359.0,713.0,204.0,6158.0,445.0,264.0,289.0,4820.0,7979.0,1,90,500,1
9239,2025-09-23 09:33:13.904,L_6vSQ==,PACKET_DATA,25.74,35.33,1.63,4.714,262.0,1361.0,713.0,205.0,6161.0,445.0,264.0,289.0,4821.0,7981.0,1,90,500,1
9241,2025-09-23 09:34:44.554,L_6vSQ==,PACKET_DATA,25.93,35.45,1.63,4.714,262.0,1365.0,715.0,205.0,6170.0,446.0,264.0,290.0,4827.0,7994.0,1,90,500,1
9243,2025-09-23 09:36:15.110,L_6vSQ==,PACKET_DATA,25.97,35.35,1.63,4.714,263.0,1376.0,721.0,206.0,6195.0,448.0,266.0,291.0,4844.0,8025.0,1,90,500,1
9245,2025-09-23 09:37:45.783,L_6vSQ==,PACKET_DATA,25.87,35.27,1.661,4.714,263.0,1376.0,720.0,206.0,6198.0,448.0,266.0,291.0,4844.0,8026.0,1,90,500,1
9247,2025-09-23 09:39:16.358,L_6vSQ==,PACKET_DATA,25.98,35.48,1.684,4.714,262.0,1359.0,713.0,205.0,6157.0,445.0,264.0,289.0,4818.0,7984.0,1,90,500,1
9249,2025-09-23 09:40:46.965,L_6vSQ==,PACKET_DATA,25.99,35.36,1.661,4.713,263.0,1376.0,720.0,206.0,6197.0,448.0,266.0,291.0,4841.0,8027.0,1,90,500,1
9251,2025-09-23 09:42:17.501,L_6vSQ==,PACKET_DATA,25.98,35.19,1.654,4.713,263.0,1376.0,721.0,206.0,6198.0,448.0,266.0,291.0,4841.0,8029.0,1,90,500,1
9253,2025-09-23 09:43:48.110,L_6vSQ==,PACKET_DATA,26.02,35.25,1.615,4.711,263.0,1367.0,716.0,205.0,6176.0,446.0,265.0,290.0,4827.0,8003.0,1,90,500,1
9255,2025-09-23 09:45:18.756,L_6vSQ==,PACKET_DATA,26.0,35.22,1.654,4.713,262.0,1364.0,715.0,205.0,6168.0,446.0,265.0,289.0,4824.0,7999.0,1,90,500,1
9257,2025-09-23 09:46:49.334,L_6vSQ==,PACKET_DATA,25.99,35.13,1.654,4.713,261.0,1354.0,711.0,204.0,6144.0,444.0,263.0,288.0,4807.0,7973.0,1,90,500,1
9259,2025-09-23 09:48:19.981,L_6vSQ==,PACKET_DATA,25.97,35.21,1.654,4.706,263.0,1376.0,721.0,206.0,6194.0,447.0,266.0,291.0,4840.0,8029.0,1,90,500,1
9261,2025-09-23 09:49:50.577,L_6vSQ==,PACKET_DATA,25.98,35.13,1.612,4.704,263.0,1375.0,721.0,206.0,6196.0,447.0,266.0,291.0,4839.0,8030.0,1,90,500,1
9263,2025-09-23 09:51:21.213,L_6vSQ==,PACKET_DATA,26.0,35.25,1.608,4.704,262.0,1363.0,715.0,205.0,6164.0,446.0,264.0,289.0,4813.0,7988.0,1,90,500,1
9265,2025-09-23 09:52:51.773,L_6vSQ==,PACKET_DATA,26.12,35.04,1.608,4.706,264.0,1375.0,721.0,206.0,6197.0,448.0,266.0,291.0,4839.0,8035.0,1,90,500,1
9267,2025-09-23 09:54:22.362,L_6vSQ==,PACKET_DATA,26.12,34.97,1.612,4.71,264.0,1375.0,721.0,206.0,6196.0,448.0,266.0,291.0,4838.0,8035.0,1,90,500,1
9269,2025-09-23 09:55:53.022,L_6vSQ==,PACKET_DATA,25.99,34.93,1.616,4.712,264.0,1374.0,721.0,206.0,6198.0,448.0,266.0,291.0,4838.0,8032.0,1,90,500,1
9271,2025-09-23 09:57:23.571,L_6vSQ==,PACKET_DATA,26.05,34.91,1.616,4.712,262.0,1358.0,713.0,205.0,6157.0,445.0,264.0,289.0,4812.0,7991.0,1,90,500,1
9273,2025-09-23 09:58:54.167,L_6vSQ==,PACKET_DATA,26.25,34.81,1.608,4.706,262.0,1358.0,713.0,205.0,6157.0,445.0,264.0,289.0,4809.0,7989.0,1,90,500,1
9275,2025-09-23 10:00:24.825,L_6vSQ==,PACKET_DATA,26.05,34.92,1.608,4.706,261.0,1347.0,708.0,204.0,6131.0,443.0,263.0,288.0,4794.0,7959.0,1,90,500,1
9277,2025-09-23 10:01:55.392,L_6vSQ==,PACKET_DATA,26.25,34.92,1.616,4.712,264.0,1375.0,721.0,206.0,6199.0,448.0,266.0,291.0,4837.0,8038.0,1,90,500,1
9279,2025-09-23 10:03:26.037,L_6vSQ==,PACKET_DATA,26.25,34.84,1.654,4.714,264.0,1375.0,721.0,206.0,6196.0,447.0,266.0,291.0,4836.0,8039.0,1,90,500,1
9281,2025-09-23 10:04:56.569,L_6vSQ==,PACKET_DATA,26.25,34.52,1.654,4.714,264.0,1374.0,721.0,206.0,6198.0,448.0,266.0,291.0,4836.0,8039.0,1,90,500,1
9283,2025-09-23 10:06:27.209,L_6vSQ==,PACKET_DATA,26.24,34.69,1.626,4.714,264.0,1375.0,720.0,206.0,6197.0,448.0,266.0,291.0,4835.0,8039.0,1,90,500,1
9285,2025-09-23 10:07:57.780,L_6vSQ==,PACKET_DATA,26.25,34.75,1.653,4.716,264.0,1375.0,721.0,206.0,6198.0,448.0,266.0,291.0,4835.0,8041.0,1,90,500,1
9287,2025-09-23 10:09:28.415,L_6vSQ==,PACKET_DATA,26.12,34.73,1.653,4.716,263.0,1371.0,719.0,206.0,6187.0,447.0,266.0,291.0,4830.0,8039.0,1,90,500,1
9289,2025-09-23 10:10:58.986,L_6vSQ==,PACKET_DATA,26.25,34.71,1.613,4.708,264.0,1375.0,721.0,206.0,6198.0,447.0,266.0,290.0,4833.0,8041.0,1,90,500,1
9291,2025-09-23 10:12:29.631,L_6vSQ==,PACKET_DATA,26.37,34.65,1.612,4.708,264.0,1375.0,721.0,206.0,6197.0,448.0,266.0,290.0,4833.0,8042.0,1,90,500,1
9293,2025-09-23 10:14:00.249,L_6vSQ==,PACKET_DATA,26.37,34.71,1.612,4.708,262.0,1363.0,715.0,205.0,6168.0,446.0,265.0,289.0,4813.0,8010.0,1,90,500,1
9295,2025-09-23 10:15:30.825,L_6vSQ==,PACKET_DATA,26.3,34.5,1.612,4.708,264.0,1375.0,721.0,206.0,6195.0,447.0,266.0,291.0,4832.0,8043.0,1,90,500,1
9297,2025-09-23 10:17:01.462,L_6vSQ==,PACKET_DATA,26.47,34.54,1.613,4.708,262.0,1356.0,712.0,204.0,6153.0,445.0,264.0,289.0,4803.0,7994.0,1,90,500,1
9299,2025-09-23 10:18:32.027,L_6vSQ==,PACKET_DATA,26.49,34.53,1.664,4.711,264.0,1375.0,721.0,206.0,6199.0,448.0,266.0,291.0,4832.0,8046.0,1,90,500,1
9301,2025-09-23 10:20:02.657,L_6vSQ==,PACKET_DATA,26.44,34.5,1.664,4.711,264.0,1375.0,721.0,206.0,6197.0,448.0,266.0,291.0,4833.0,8046.0,1,90,500,1
9303,2025-09-23 10:21:33.321,L_6vSQ==,PACKET_DATA,26.44,34.38,1.612,4.708,261.0,1352.0,711.0,204.0,6145.0,444.0,264.0,288.0,4798.0,7988.0,1,90,500,1
9305,2025-09-23 10:23:03.826,L_6vSQ==,PACKET_DATA,26.44,34.44,1.65,4.711,264.0,1375.0,721.0,206.0,6196.0,448.0,266.0,291.0,4830.0,8046.0,1,90,500,1
9307,2025-09-23 10:24:34.518,L_6vSQ==,PACKET_DATA,26.44,34.53,1.65,4.716,264.0,1375.0,721.0,206.0,6197.0,447.0,266.0,291.0,4830.0,8048.0,1,90,500,1
9309,2025-09-23 10:26:05.090,L_6vSQ==,PACKET_DATA,26.49,34.39,1.655,4.718,261.0,1349.0,710.0,204.0,6135.0,444.0,264.0,289.0,4799.0,7994.0,1,90,500,1
9311,2025-09-23 10:27:35.638,L_6vSQ==,PACKET_DATA,26.5,34.26,1.655,4.718,263.0,1364.0,716.0,205.0,6170.0,446.0,265.0,290.0,4817.0,8027.0,1,90,500,1
9313,2025-09-23 10:29:06.264,L_6vSQ==,PACKET_DATA,26.49,34.43,1.64,4.711,264.0,1375.0,721.0,206.0,6194.0,448.0,266.0,291.0,4829.0,8049.0,1,90,500,1
9315,2025-09-23 10:30:36.951,L_6vSQ==,PACKET_DATA,26.51,34.37,1.651,4.711,264.0,1375.0,721.0,206.0,6198.0,448.0,266.0,291.0,4828.0,8049.0,1,90,500,1
9317,2025-09-23 10:32:07.477,L_6vSQ==,PACKET_DATA,26.55,34.26,1.655,4.716,263.0,1365.0,717.0,205.0,6174.0,446.0,265.0,289.0,4810.0,8019.0,1,90,500,1
9319,2025-09-23 10:33:38.099,L_6vSQ==,PACKET_DATA,26.56,34.38,1.651,4.711,264.0,1375.0,721.0,206.0,6198.0,448.0,266.0,291.0,4828.0,8049.0,1,90,500,1
9321,2025-09-23 10:35:08.753,L_6vSQ==,PACKET_DATA,26.49,34.35,1.615,4.71,264.0,1375.0,721.0,206.0,6199.0,448.0,266.0,291.0,4828.0,8051.0,1,90,500,1
9323,2025-09-23 10:36:39.279,L_6vSQ==,PACKET_DATA,26.5,34.37,1.615,4.71,264.0,1375.0,721.0,206.0,6196.0,447.0,266.0,291.0,4827.0,8051.0,1,90,500,1
9325,2025-09-23 10:38:09.921,L_6vSQ==,PACKET_DATA,26.49,34.05,1.615,4.71,261.0,1348.0,709.0,204.0,6133.0,444.0,263.0,288.0,4784.0,7978.0,1,90,500,1
9327,2025-09-23 10:39:40.564,L_6vSQ==,PACKET_DATA,26.61,34.07,1.615,4.71,264.0,1375.0,721.0,206.0,6198.0,448.0,266.0,291.0,4827.0,8052.0,1,90,500,1
9329,2025-09-23 10:41:11.109,L_6vSQ==,PACKET_DATA,26.51,34.18,1.628,4.708,264.0,1375.0,721.0,206.0,6198.0,448.0,266.0,291.0,4824.0,8052.0,1,90,500,1
9331,2025-09-23 10:42:41.729,L_6vSQ==,PACKET_DATA,26.62,34.11,1.607,4.705,262.0,1359.0,714.0,205.0,6160.0,445.0,264.0,289.0,4801.0,8013.0,1,90,500,1
9333,2025-09-23 10:44:12.393,L_6vSQ==,PACKET_DATA,26.63,34.09,1.598,4.705,264.0,1374.0,721.0,206.0,6197.0,448.0,266.0,291.0,4826.0,8053.0,1,90,500,1
9335,2025-09-23 10:45:42.948,L_6vSQ==,PACKET_DATA,26.55,34.15,1.598,4.708,262.0,1354.0,712.0,204.0,6149.0,445.0,264.0,289.0,4800.0,8013.0,1,90,500,1
9337,2025-09-23 10:47:13.596,L_6vSQ==,PACKET_DATA,26.69,34.1,1.598,4.708,264.0,1374.0,721.0,206.0,6198.0,448.0,266.0,291.0,4824.0,8055.0,1,90,500,1
9339,2025-09-23 10:48:44.162,L_6vSQ==,PACKET_DATA,26.72,34.01,1.607,4.708,264.0,1375.0,721.0,206.0,6198.0,448.0,266.0,291.0,4824.0,8052.0,1,90,500,1
9341,2025-09-23 10:50:14.790,L_6vSQ==,PACKET_DATA,26.73,34.0,1.607,4.708,261.0,1351.0,710.0,204.0,6141.0,444.0,265.0,289.0,4806.0,8025.0,1,90,500,1
9343,2025-09-23 10:51:45.356,L_6vSQ==,PACKET_DATA,26.74,33.95,1.567,4.708,264.0,1375.0,721.0,206.0,6198.0,447.0,266.0,291.0,4824.0,8057.0,1,90,500,1
9345,2025-09-23 10:53:16.003,L_6vSQ==,PACKET_DATA,26.62,33.82,1.604,4.708,261.0,1351.0,711.0,204.0,6142.0,444.0,264.0,289.0,4794.0,8006.0,1,90,500,1
9347,2025-09-23 10:54:46.537,L_6vSQ==,PACKET_DATA,26.87,33.89,1.607,4.708,261.0,1347.0,709.0,204.0,6133.0,444.0,263.0,288.0,4784.0,7985.0,1,90,500,1
9349,2025-09-23 10:56:17.190,L_6vSQ==,PACKET_DATA,26.87,34.07,1.61,4.711,260.0,1344.0,707.0,204.0,6121.0,443.0,263.0,287.0,4775.0,7973.0,1,90,500,1
9350,2025-09-23 10:57:47.814,L_6vSQ==,PACKET_DATA,26.7,33.99,1.61,4.71,262.0,1361.0,715.0,205.0,6161.0,445.0,265.0,289.0,4802.0,8023.0,1,90,500,1
9352,2025-09-23 10:59:18.379,L_6vSQ==,PACKET_DATA,26.74,33.93,1.61,4.71,262.0,1358.0,714.0,205.0,6159.0,445.0,264.0,289.0,4797.0,8015.0,1,90,500,1
9354,2025-09-23 11:00:49.029,L_6vSQ==,PACKET_DATA,26.78,33.94,1.613,4.711,264.0,1374.0,722.0,206.0,6198.0,448.0,266.0,291.0,4821.0,8059.0,1,90,500,1
9356,2025-09-23 11:02:19.630,L_6vSQ==,PACKET_DATA,27.0,33.8,1.613,4.711,264.0,1374.0,721.0,206.0,6198.0,448.0,266.0,290.0,4821.0,8057.0,1,90,500,1
9358,2025-09-23 11:03:50.174,L_6vSQ==,PACKET_DATA,26.75,33.91,1.647,4.715,264.0,1373.0,722.0,206.0,6198.0,447.0,266.0,291.0,4821.0,8058.0,1,90,500,1
9360,2025-09-23 11:05:20.843,L_6vSQ==,PACKET_DATA,26.77,33.79,1.647,4.715,262.0,1355.0,713.0,204.0,6152.0,445.0,264.0,289.0,4791.0,8008.0,1,90,500,1
9362,2025-09-23 11:06:51.381,L_6vSQ==,PACKET_DATA,26.77,33.94,1.604,4.715,262.0,1362.0,716.0,205.0,6168.0,446.0,265.0,289.0,4805.0,8029.0,1,90,500,1
9364,2025-09-23 11:08:22.028,L_6vSQ==,PACKET_DATA,26.94,33.79,1.647,4.715,262.0,1361.0,716.0,205.0,6168.0,446.0,265.0,289.0,4800.0,8024.0,1,90,500,1
9366,2025-09-23 11:09:52.574,L_6vSQ==,PACKET_DATA,27.0,33.78,1.648,4.716,261.0,1346.0,708.0,204.0,6129.0,443.0,263.0,287.0,4771.0,7973.0,1,90,500,1
9368,2025-09-23 11:11:23.206,L_6vSQ==,PACKET_DATA,26.77,33.71,1.647,4.715,263.0,1364.0,717.0,205.0,6175.0,446.0,265.0,289.0,4798.0,8025.0,1,90,500,1
9370,2025-09-23 11:12:53.866,L_6vSQ==,PACKET_DATA,27.0,33.61,1.647,4.714,262.0,1356.0,713.0,204.0,6155.0,445.0,265.0,289.0,4796.0,8021.0,1,90,500,1
9372,2025-09-23 11:14:24.427,L_6vSQ==,PACKET_DATA,27.0,33.68,1.604,4.711,261.0,1354.0,712.0,204.0,6148.0,444.0,264.0,288.0,4787.0,8008.0,1,90,500,1
9374,2025-09-23 11:15:55.050,L_6vSQ==,PACKET_DATA,27.0,33.62,1.647,4.711,262.0,1354.0,712.0,204.0,6149.0,444.0,264.0,288.0,4787.0,8009.0,1,90,500,1
9376,2025-09-23 11:17:25.610,L_6vSQ==,PACKET_DATA,27.0,33.76,1.672,4.711,261.0,1352.0,712.0,204.0,6144.0,444.0,264.0,288.0,4785.0,8005.0,1,90,500,1
9378,2025-09-23 11:18:56.247,L_6vSQ==,PACKET_DATA,27.0,33.71,1.647,4.711,262.0,1357.0,714.0,205.0,6159.0,445.0,264.0,289.0,4793.0,8021.0,1,90,500,1
9380,2025-09-23 11:20:26.903,L_6vSQ==,PACKET_DATA,27.0,33.48,1.608,4.71,264.0,1374.0,722.0,206.0,6198.0,448.0,266.0,290.0,4817.0,8064.0,1,90,500,1
9382,2025-09-23 11:21:57.482,L_6vSQ==,PACKET_DATA,27.22,33.61,1.56,4.71,264.0,1374.0,722.0,206.0,6193.0,447.0,266.0,290.0,4817.0,8065.0,1,90,500,1
9384,2025-09-23 11:23:28.007,L_6vSQ==,PACKET_DATA,27.0,33.59,1.608,4.711,263.0,1364.0,717.0,205.0,6174.0,446.0,265.0,289.0,4797.0,8035.0,1,90,500,1
9386,2025-09-23 11:24:58.642,L_6vSQ==,PACKET_DATA,27.0,33.61,1.646,4.714,261.0,1352.0,711.0,204.0,6144.0,444.0,264.0,288.0,4781.0,8005.0,1,90,500,1
9388,2025-09-23 11:26:29.268,L_6vSQ==,PACKET_DATA,27.03,33.5,1.647,4.711,264.0,1375.0,722.0,206.0,6198.0,448.0,266.0,290.0,4817.0,8067.0,1,90,500,1
9390,2025-09-23 11:27:59.915,L_6vSQ==,PACKET_DATA,27.23,33.67,1.647,4.71,264.0,1374.0,722.0,206.0,6198.0,447.0,266.0,290.0,4816.0,8067.0,1,90,500,1
9392,2025-09-23 11:29:30.498,L_6vSQ==,PACKET_DATA,27.02,33.45,1.608,4.704,264.0,1374.0,722.0,206.0,6195.0,448.0,266.0,290.0,4816.0,8068.0,1,90,500,1
9394,2025-09-23 11:31:01.075,L_6vSQ==,PACKET_DATA,27.03,33.27,1.647,4.71,264.0,1374.0,722.0,206.0,6198.0,447.0,266.0,290.0,4813.0,8066.0,1,90,500,1
9396,2025-09-23 11:32:31.725,L_6vSQ==,PACKET_DATA,27.06,33.49,1.647,4.711,261.0,1352.0,712.0,204.0,6146.0,444.0,264.0,288.0,4780.0,8007.0,1,90,500,1
9398,2025-09-23 11:34:02.297,L_6vSQ==,PACKET_DATA,27.0,33.47,1.646,4.714,262.0,1358.0,714.0,205.0,6158.0,445.0,265.0,289.0,4791.0,8027.0,1,90,500,1
9400,2025-09-23 11:35:32.870,L_6vSQ==,PACKET_DATA,27.0,33.42,1.609,4.712,260.0,1342.0,707.0,204.0,6123.0,443.0,263.0,287.0,4758.0,7973.0,1,90,500,1
9402,2025-09-23 11:37:03.537,L_6vSQ==,PACKET_DATA,27.23,33.35,1.609,4.712,262.0,1359.0,715.0,205.0,6162.0,445.0,264.0,289.0,4785.0,8021.0,1,90,500,1
9404,2025-09-23 11:38:34.074,L_6vSQ==,PACKET_DATA,27.06,33.3,1.645,4.714,262.0,1356.0,714.0,205.0,6155.0,445.0,264.0,289.0,4786.0,8021.0,1,90,500,1
9406,2025-09-23 11:40:04.657,L_6vSQ==,PACKET_DATA,27.25,33.32,1.646,4.714,264.0,1374.0,722.0,206.0,6198.0,448.0,266.0,290.0,4813.0,8070.0,1,90,500,1
9408,2025-09-23 11:41:35.271,L_6vSQ==,PACKET_DATA,27.25,33.41,1.645,4.715,264.0,1374.0,722.0,206.0,6198.0,447.0,266.0,290.0,4812.0,8070.0,1,90,500,1
9410,2025-09-23 11:43:05.946,L_6vSQ==,PACKET_DATA,27.25,33.23,1.645,4.71,264.0,1374.0,722.0,206.0,6196.0,447.0,266.0,290.0,4812.0,8071.0,1,90,500,1
9412,2025-09-23 11:44:36.576,L_6vSQ==,PACKET_DATA,27.25,33.4,1.628,4.71,264.0,1374.0,722.0,206.0,6198.0,447.0,266.0,290.0,4812.0,8070.0,1,90,500,1
9414,2025-09-23 11:46:07.132,L_6vSQ==,PACKET_DATA,27.03,33.18,1.645,4.71,264.0,1374.0,722.0,206.0,6198.0,447.0,266.0,290.0,4811.0,8070.0,1,90,500,1
9416,2025-09-23 11:47:37.762,L_6vSQ==,PACKET_DATA,27.37,33.24,1.645,4.71,264.0,1374.0,722.0,206.0,6198.0,447.0,266.0,290.0,4809.0,8068.0,1,90,500,1
9418,2025-09-23 11:49:08.328,L_6vSQ==,PACKET_DATA,27.25,33.35,1.606,4.708,264.0,1374.0,722.0,206.0,6198.0,448.0,266.0,290.0,4810.0,8071.0,1,90,500,1
9420,2025-09-23 11:50:38.953,L_6vSQ==,PACKET_DATA,27.44,33.24,1.606,4.708,264.0,1374.0,722.0,206.0,6197.0,447.0,266.0,290.0,4806.0,8072.0,1,90,500,1
9422,2025-09-23 11:52:09.588,L_6vSQ==,PACKET_DATA,27.37,33.38,1.606,4.708,264.0,1374.0,722.0,206.0,6196.0,447.0,266.0,290.0,4809.0,8072.0,1,90,500,1
9424,2025-09-23 11:53:40.170,L_6vSQ==,PACKET_DATA,27.4,33.31,1.644,4.715,262.0,1359.0,716.0,205.0,6165.0,445.0,265.0,289.0,4788.0,8033.0,1,90,500,1
9426,2025-09-23 11:55:10.736,L_6vSQ==,PACKET_DATA,27.25,33.21,1.644,4.716,263.0,1364.0,718.0,205.0,6174.0,446.0,265.0,289.0,4794.0,8048.0,1,90,500,1
9428,2025-09-23 11:56:41.359,L_6vSQ==,PACKET_DATA,27.25,33.29,1.646,4.717,264.0,1374.0,722.0,206.0,6198.0,448.0,266.0,290.0,4809.0,8075.0,1,90,500,1
9430,2025-09-23 11:58:11.989,L_6vSQ==,PACKET_DATA,27.25,33.41,1.644,4.717,261.0,1349.0,711.0,204.0,6138.0,444.0,265.0,289.0,4787.0,8037.0,1,90,500,1
9432,2025-09-23 11:59:42.525,L_6vSQ==,PACKET_DATA,27.37,33.3,1.644,4.717,264.0,1374.0,722.0,206.0,6198.0,447.0,266.0,290.0,4808.0,8075.0,1,90,500,1
9434,2025-09-23 12:01:13.159,L_6vSQ==,PACKET_DATA,27.44,33.29,1.644,4.717,262.0,1357.0,714.0,205.0,6156.0,445.0,265.0,289.0,4781.0,8028.0,1,90,500,1
9436,2025-09-23 12:02:43.814,L_6vSQ==,PACKET_DATA,27.25,33.21,1.644,4.717,264.0,1374.0,722.0,206.0,6198.0,448.0,266.0,290.0,4808.0,8075.0,1,90,500,1
9438,2025-09-23 12:04:14.369,L_6vSQ==,PACKET_DATA,27.37,33.22,1.613,4.717,264.0,1374.0,722.0,206.0,6198.0,447.0,266.0,290.0,4808.0,8076.0,1,90,500,1
9440,2025-09-23 12:05:45.004,L_6vSQ==,PACKET_DATA,27.37,33.18,1.613,4.715,262.0,1356.0,714.0,205.0,6156.0,445.0,264.0,288.0,4779.0,8026.0,1,90,500,1
9442,2025-09-23 12:07:15.595,L_6vSQ==,PACKET_DATA,27.27,33.3,1.604,4.715,262.0,1355.0,713.0,205.0,6153.0,445.0,264.0,288.0,4776.0,8029.0,1,90,500,1
9444,2025-09-23 12:08:46.247,L_6vSQ==,PACKET_DATA,27.37,33.34,1.604,4.715,264.0,1373.0,722.0,206.0,6196.0,447.0,266.0,290.0,4806.0,8077.0,1,90,500,1
9446,2025-09-23 12:10:16.772,L_6vSQ==,PACKET_DATA,27.5,33.31,1.613,4.715,262.0,1355.0,714.0,205.0,6153.0,444.0,265.0,289.0,4780.0,8032.0,1,90,500,1
9448,2025-09-23 12:11:47.389,L_6vSQ==,PACKET_DATA,27.37,33.19,1.647,4.714,264.0,1374.0,722.0,206.0,6194.0,447.0,266.0,290.0,4805.0,8078.0,1,90,500,1
9450,2025-09-23 12:13:18.053,L_6vSQ==,PACKET_DATA,27.26,33.16,1.644,4.707,264.0,1374.0,722.0,206.0,6197.0,447.0,266.0,290.0,4806.0,8078.0,1,90,500,1
9452,2025-09-23 12:14:48.600,L_6vSQ==,PACKET_DATA,27.5,33.2,1.644,4.707,264.0,1374.0,722.0,206.0,6198.0,447.0,266.0,290.0,4806.0,8076.0,1,90,500,1
9453,2025-09-23 12:16:19.257,L_6vSQ==,PACKET_DATA,27.5,33.02,1.647,4.707,264.0,1373.0,722.0,206.0,6198.0,447.0,266.0,290.0,4805.0,8079.0,1,90,500,1
9455,2025-09-23 12:17:49.797,L_6vSQ==,PACKET_DATA,27.5,32.96,1.647,4.712,262.0,1355.0,714.0,204.0,6154.0,445.0,264.0,288.0,4777.0,8025.0,1,90,500,1
9457,2025-09-23 12:19:20.477,L_6vSQ==,PACKET_DATA,27.51,33.01,1.642,4.714,263.0,1363.0,718.0,205.0,6171.0,446.0,265.0,289.0,4788.0,8051.0,1,90,500,1
9459,2025-09-23 12:20:51.052,L_6vSQ==,PACKET_DATA,27.5,32.93,1.604,4.707,261.0,1351.0,712.0,204.0,6140.0,444.0,264.0,288.0,4770.0,8020.0,1,90,500,1
9461,2025-09-23 12:22:21.691,L_6vSQ==,PACKET_DATA,27.5,32.95,1.604,4.707,264.0,1374.0,722.0,206.0,6197.0,447.0,266.0,290.0,4800.0,8078.0,1,90,500,1
9463,2025-09-23 12:23:52.199,L_6vSQ==,PACKET_DATA,27.5,32.94,1.61,4.713,261.0,1350.0,712.0,204.0,6140.0,444.0,264.0,288.0,4768.0,8018.0,1,90,500,1
9465,2025-09-23 12:25:22.848,L_6vSQ==,PACKET_DATA,27.5,32.9,1.642,4.714,264.0,1374.0,722.0,206.0,6197.0,447.0,266.0,290.0,4803.0,8081.0,1,90,500,1
9467,2025-09-23 12:26:53.464,L_6vSQ==,PACKET_DATA,27.5,33.0,1.637,4.72,262.0,1357.0,714.0,205.0,6157.0,445.0,265.0,289.0,4778.0,8037.0,1,90,500,1
9469,2025-09-23 12:28:24.043,L_6vSQ==,PACKET_DATA,27.62,32.89,1.61,4.713,264.0,1374.0,722.0,206.0,6197.0,447.0,266.0,290.0,4803.0,8081.0,1,90,500,1
9471,2025-09-23 12:29:54.699,L_6vSQ==,PACKET_DATA,27.55,32.72,1.604,4.713,264.0,1373.0,722.0,206.0,6197.0,447.0,266.0,290.0,4803.0,8082.0,1,90,500,1
9473,2025-09-23 12:31:25.217,L_6vSQ==,PACKET_DATA,27.5,32.87,1.61,4.716,262.0,1356.0,714.0,205.0,6155.0,445.0,265.0,289.0,4777.0,8036.0,1,90,500,1
9475,2025-09-23 12:32:55.857,L_6vSQ==,PACKET_DATA,27.5,32.9,1.635,4.717,261.0,1352.0,713.0,204.0,6146.0,444.0,264.0,288.0,4770.0,8025.0,1,90,500,1
9477,2025-09-23 12:34:26.434,L_6vSQ==,PACKET_DATA,27.5,32.92,1.637,4.717,264.0,1373.0,722.0,206.0,6195.0,447.0,266.0,290.0,4802.0,8083.0,1,90,500,1
9479,2025-09-23 12:35:57.123,L_6vSQ==,PACKET_DATA,27.55,32.82,1.637,4.716,264.0,1373.0,722.0,206.0,6196.0,447.0,266.0,290.0,4801.0,8082.0,1,90,500,1
9481,2025-09-23 12:37:27.650,L_6vSQ==,PACKET_DATA,27.62,32.78,1.637,4.715,264.0,1373.0,722.0,206.0,6195.0,447.0,266.0,290.0,4801.0,8082.0,1,90,500,1
9483,2025-09-23 12:38:58.304,L_6vSQ==,PACKET_DATA,27.55,32.85,1.637,4.716,260.0,1339.0,707.0,203.0,6115.0,442.0,263.0,287.0,4748.0,7990.0,1,90,500,1
9485,2025-09-23 12:40:28.943,L_6vSQ==,PACKET_DATA,27.62,32.78,1.637,4.716,261.0,1350.0,711.0,204.0,6137.0,444.0,264.0,288.0,4766.0,8020.0,1,90,500,1
9487,2025-09-23 12:41:59.503,L_6vSQ==,PACKET_DATA,27.72,32.74,1.636,4.712,261.0,1352.0,712.0,204.0,6144.0,444.0,264.0,288.0,4768.0,8025.0,1,90,500,1
9489,2025-09-23 12:43:30.153,L_6vSQ==,PACKET_DATA,27.74,32.78,1.599,4.712,264.0,1373.0,722.0,206.0,6197.0,447.0,266.0,290.0,4800.0,8084.0,1,90,500,1
9491,2025-09-23 12:45:00.710,L_6vSQ==,PACKET_DATA,27.62,32.65,1.599,4.71,264.0,1373.0,722.0,206.0,6196.0,447.0,266.0,290.0,4801.0,8082.0,1,90,500,1
9493,2025-09-23 12:46:31.276,L_6vSQ==,PACKET_DATA,27.74,32.75,1.607,4.712,264.0,1373.0,722.0,206.0,6197.0,447.0,266.0,290.0,4801.0,8085.0,1,90,500,1
9495,2025-09-23 12:48:01.958,L_6vSQ==,PACKET_DATA,27.73,32.63,1.607,4.712,263.0,1360.0,717.0,205.0,6167.0,445.0,265.0,289.0,4781.0,8053.0,1,90,500,1
9497,2025-09-23 12:49:32.499,L_6vSQ==,PACKET_DATA,27.69,32.63,1.575,4.707,263.0,1363.0,718.0,205.0,6171.0,446.0,265.0,289.0,4783.0,8055.0,1,90,500,1
9499,2025-09-23 12:51:03.150,L_6vSQ==,PACKET_DATA,27.62,32.62,1.575,4.707,262.0,1357.0,715.0,205.0,6156.0,444.0,265.0,288.0,4773.0,8039.0,1,90,500,1
9501,2025-09-23 12:52:33.688,L_6vSQ==,PACKET_DATA,27.53,32.79,1.575,4.706,264.0,1373.0,723.0,206.0,6195.0,447.0,266.0,290.0,4799.0,8084.0,1,90,500,1
9503,2025-09-23 12:54:04.342,L_6vSQ==,PACKET_DATA,27.59,32.58,1.582,4.707,264.0,1373.0,723.0,206.0,6196.0,447.0,266.0,290.0,4798.0,8084.0,1,90,500,1
9505,2025-09-23 12:55:34.891,L_6vSQ==,PACKET_DATA,27.79,32.51,1.667,4.71,264.0,1373.0,723.0,206.0,6195.0,447.0,266.0,290.0,4798.0,8085.0,1,90,500,1
9507,2025-09-23 12:57:05.554,L_6vSQ==,PACKET_DATA,27.72,32.65,1.658,4.714,262.0,1354.0,714.0,205.0,6151.0,444.0,264.0,288.0,4769.0,8035.0,1,90,500,1
9509,2025-09-23 12:58:36.129,L_6vSQ==,PACKET_DATA,27.69,32.58,1.658,4.714,260.0,1340.0,707.0,203.0,6116.0,442.0,263.0,287.0,4752.0,8005.0,1,90,500,1
9511,2025-09-23 13:00:06.744,L_6vSQ==,PACKET_DATA,27.55,32.62,1.658,4.711,262.0,1353.0,713.0,204.0,6148.0,444.0,264.0,288.0,4766.0,8026.0,1,90,500,1
9513,2025-09-23 13:01:37.366,L_6vSQ==,PACKET_DATA,27.73,32.5,1.658,4.714,262.0,1356.0,714.0,205.0,6155.0,445.0,265.0,288.0,4770.0,8042.0,1,90,500,1
9515,2025-09-23 13:03:07.982,L_6vSQ==,PACKET_DATA,27.74,32.45,1.658,4.714,264.0,1373.0,723.0,206.0,6195.0,447.0,266.0,290.0,4797.0,8087.0,1,90,500,1
9517,2025-09-23 13:04:38.564,L_6vSQ==,PACKET_DATA,27.74,32.57,1.658,4.715,262.0,1359.0,717.0,205.0,6165.0,445.0,265.0,289.0,4776.0,8048.0,1,90,500,1
9519,2025-09-23 13:06:09.162,L_6vSQ==,PACKET_DATA,27.62,32.55,1.658,4.709,264.0,1372.0,723.0,206.0,6196.0,447.0,266.0,290.0,4797.0,8086.0,1,90,500,1
9521,2025-09-23 13:07:39.722,L_6vSQ==,PACKET_DATA,27.62,32.59,1.639,4.709,264.0,1373.0,723.0,206.0,6195.0,447.0,266.0,290.0,4797.0,8086.0,1,90,500,1
9523,2025-09-23 13:09:10.328,L_6vSQ==,PACKET_DATA,27.73,32.61,1.658,4.715,264.0,1373.0,723.0,206.0,6196.0,447.0,266.0,290.0,4796.0,8087.0,1,90,500,1
9525,2025-09-23 13:10:41.033,L_6vSQ==,PACKET_DATA,27.74,32.56,1.658,4.715,264.0,1373.0,723.0,206.0,6193.0,447.0,266.0,290.0,4796.0,8086.0,1,90,500,1
9527,2025-09-23 13:12:11.592,L_6vSQ==,PACKET_DATA,27.74,32.5,1.66,4.717,264.0,1372.0,723.0,206.0,6195.0,447.0,266.0,290.0,4794.0,8084.0,1,90,500,1
9529,2025-09-23 13:13:42.181,L_6vSQ==,PACKET_DATA,27.87,32.39,1.639,4.717,264.0,1373.0,723.0,206.0,6192.0,447.0,266.0,290.0,4796.0,8088.0,1,90,500,1
9531,2025-09-23 13:15:12.769,L_6vSQ==,PACKET_DATA,27.94,32.52,1.616,4.714,264.0,1373.0,723.0,206.0,6196.0,447.0,266.0,290.0,4795.0,8089.0,1,90,500,1
9533,2025-09-23 13:16:43.391,L_6vSQ==,PACKET_DATA,27.97,32.37,1.639,4.714,264.0,1373.0,723.0,206.0,6196.0,447.0,266.0,290.0,4795.0,8088.0,1,90,500,1
9535,2025-09-23 13:18:13.975,L_6vSQ==,PACKET_DATA,27.74,32.44,1.657,4.716,264.0,1373.0,723.0,206.0,6196.0,447.0,266.0,290.0,4795.0,8085.0,1,90,500,1
9537,2025-09-23 13:19:44.653,L_6vSQ==,PACKET_DATA,27.74,32.39,1.66,4.717,263.0,1365.0,719.0,205.0,6176.0,446.0,265.0,289.0,4781.0,8065.0,1,90,500,1
9539,2025-09-23 13:21:15.248,L_6vSQ==,PACKET_DATA,27.94,32.26,1.639,4.717,264.0,1373.0,723.0,206.0,6194.0,447.0,266.0,290.0,4795.0,8090.0,1,90,500,1
9541,2025-09-23 13:22:45.786,L_6vSQ==,PACKET_DATA,27.97,32.27,1.639,4.714,264.0,1373.0,723.0,206.0,6196.0,447.0,266.0,290.0,4794.0,8091.0,1,90,500,1
9543,2025-09-23 13:24:16.420,L_6vSQ==,PACKET_DATA,27.87,32.13,1.64,4.714,264.0,1373.0,723.0,206.0,6196.0,447.0,266.0,290.0,4794.0,8091.0,1,90,500,1
9545,2025-09-23 13:25:47.062,L_6vSQ==,PACKET_DATA,27.97,32.12,1.64,4.717,264.0,1373.0,723.0,206.0,6194.0,447.0,266.0,290.0,4792.0,8090.0,1,90,500,1
9547,2025-09-23 13:27:17.610,L_6vSQ==,PACKET_DATA,27.8,32.32,1.639,4.717,264.0,1373.0,723.0,206.0,6195.0,447.0,266.0,290.0,4794.0,8091.0,1,90,500,1
9549,2025-09-23 13:28:48.248,L_6vSQ==,PACKET_DATA,27.97,32.12,1.637,4.717,264.0,1373.0,723.0,206.0,6195.0,447.0,266.0,290.0,4793.0,8088.0,1,90,500,1
9551,2025-09-23 13:30:18.808,L_6vSQ==,PACKET_DATA,27.97,32.14,1.637,4.714,263.0,1362.0,718.0,205.0,6169.0,446.0,265.0,289.0,4776.0,8062.0,1,90,500,1
9553,2025-09-23 13:31:49.447,L_6vSQ==,PACKET_DATA,27.73,32.07,1.637,4.714,264.0,1373.0,723.0,206.0,6191.0,447.0,266.0,290.0,4793.0,8091.0,1,90,500,1
9555,2025-09-23 13:33:20.007,L_6vSQ==,PACKET_DATA,27.95,32.19,1.637,4.714,262.0,1354.0,714.0,205.0,6149.0,444.0,264.0,288.0,4761.0,8034.0,1,90,500,1
9557,2025-09-23 13:34:50.677,L_6vSQ==,PACKET_DATA,27.75,32.19,1.62,4.711,264.0,1373.0,723.0,206.0,6194.0,447.0,266.0,290.0,4793.0,8092.0,1,90,500,1
9559,2025-09-23 13:36:21.222,L_6vSQ==,PACKET_DATA,27.74,32.07,1.62,4.708,262.0,1356.0,715.0,205.0,6153.0,445.0,265.0,288.0,4766.0,8045.0,1,90,500,1
9561,2025-09-23 13:37:51.854,L_6vSQ==,PACKET_DATA,27.97,32.1,1.6,4.708,264.0,1373.0,723.0,206.0,6196.0,447.0,266.0,290.0,4793.0,8093.0,1,90,500,1
9563,2025-09-23 13:39:22.508,L_6vSQ==,PACKET_DATA,27.87,32.08,1.62,4.711,264.0,1373.0,723.0,206.0,6191.0,447.0,266.0,290.0,4791.0,8092.0,1,90,500,1
9565,2025-09-23 13:40:53.029,L_6vSQ==,PACKET_DATA,27.98,32.03,1.62,4.719,261.0,1350.0,713.0,204.0,6142.0,444.0,265.0,288.0,4765.0,8046.0,1,90,500,1
9567,2025-09-23 13:42:23.667,L_6vSQ==,PACKET_DATA,27.99,32.06,1.6,4.711,262.0,1356.0,715.0,205.0,6154.0,445.0,265.0,288.0,4767.0,8050.0,1,90,500,1
9569,2025-09-23 13:43:54.297,L_6vSQ==,PACKET_DATA,27.87,31.96,1.6,4.711,262.0,1356.0,715.0,205.0,6156.0,445.0,265.0,288.0,4767.0,8051.0,1,90,500,1
9571,2025-09-23 13:45:24.919,L_6vSQ==,PACKET_DATA,27.91,32.12,1.6,4.711,264.0,1373.0,723.0,206.0,6194.0,447.0,266.0,290.0,4786.0,8083.0,1,90,500,1
9573,2025-09-23 13:46:55.451,L_6vSQ==,PACKET_DATA,27.98,32.15,1.625,4.713,264.0,1373.0,723.0,206.0,6196.0,447.0,266.0,290.0,4791.0,8094.0,1,90,500,1
9575,2025-09-23 13:48:26.123,L_6vSQ==,PACKET_DATA,27.97,32.15,1.668,4.713,262.0,1353.0,713.0,205.0,6149.0,444.0,264.0,288.0,4761.0,8041.0,1,90,500,1
9577,2025-09-23 13:49:56.739,L_6vSQ==,PACKET_DATA,27.97,31.95,1.625,4.711,264.0,1373.0,723.0,206.0,6195.0,447.0,266.0,290.0,4791.0,8094.0,1,90,500,1
9579,2025-09-23 13:51:27.270,L_6vSQ==,PACKET_DATA,27.94,32.13,1.625,4.703,262.0,1354.0,714.0,205.0,6152.0,444.0,265.0,288.0,4764.0,8047.0,1,90,500,1
9581,2025-09-23 13:52:57.906,L_6vSQ==,PACKET_DATA,27.99,32.03,1.625,4.703,264.0,1373.0,723.0,206.0,6195.0,447.0,266.0,290.0,4791.0,8095.0,1,90,500,1
9583,2025-09-23 13:54:28.467,L_6vSQ==,PACKET_DATA,27.94,31.92,1.665,4.711,262.0,1352.0,713.0,204.0,6145.0,444.0,264.0,288.0,4758.0,8038.0,1,90,500,1
9585,2025-09-23 13:55:59.115,L_6vSQ==,PACKET_DATA,27.97,31.91,1.665,4.713,264.0,1373.0,723.0,206.0,6196.0,447.0,266.0,290.0,4790.0,8096.0,1,90,500,1
9587,2025-09-23 13:57:29.681,L_6vSQ==,PACKET_DATA,28.01,31.97,1.636,4.711,264.0,1373.0,723.0,206.0,6195.0,447.0,266.0,290.0,4790.0,8095.0,1,90,500,1
9589,2025-09-23 13:59:00.326,L_6vSQ==,PACKET_DATA,27.99,32.03,1.636,4.707,264.0,1373.0,723.0,206.0,6195.0,447.0,266.0,290.0,4790.0,8096.0,1,90,500,1
9591,2025-09-23 14:00:30.970,L_6vSQ==,PACKET_DATA,27.99,32.04,1.613,4.707,264.0,1373.0,723.0,206.0,6195.0,447.0,266.0,290.0,4789.0,8095.0,1,90,500,1
9593,2025-09-23 14:02:01.510,L_6vSQ==,PACKET_DATA,28.01,31.97,1.613,4.71,264.0,1372.0,723.0,206.0,6194.0,447.0,266.0,290.0,4789.0,8096.0,1,90,500,1
9595,2025-09-23 14:03:32.160,L_6vSQ==,PACKET_DATA,28.0,32.03,1.635,4.711,262.0,1355.0,715.0,205.0,6149.0,444.0,265.0,288.0,4760.0,8046.0,1,90,500,1
9597,2025-09-23 14:05:02.718,L_6vSQ==,PACKET_DATA,27.99,32.09,1.613,4.71,264.0,1373.0,723.0,206.0,6194.0,447.0,266.0,290.0,4787.0,8096.0,1,90,500,1
9599,2025-09-23 14:06:33.311,L_6vSQ==,PACKET_DATA,27.98,31.97,1.613,4.71,264.0,1373.0,723.0,206.0,6193.0,447.0,266.0,290.0,4786.0,8092.0,1,90,500,1
9601,2025-09-23 14:08:03.905,L_6vSQ==,PACKET_DATA,28.02,32.03,1.587,4.709,264.0,1373.0,723.0,206.0,6195.0,447.0,266.0,290.0,4788.0,8096.0,1,90,500,1
9603,2025-09-23 14:09:34.506,L_6vSQ==,PACKET_DATA,27.97,31.82,1.613,4.709,264.0,1372.0,723.0,206.0,6195.0,447.0,266.0,290.0,4787.0,8096.0,1,90,500,1
9605,2025-09-23 14:11:05.104,L_6vSQ==,PACKET_DATA,28.02,31.85,1.613,4.709,264.0,1373.0,723.0,206.0,6195.0,447.0,266.0,290.0,4787.0,8097.0,1,90,500,1
9607,2025-09-23 14:12:35.761,L_6vSQ==,PACKET_DATA,28.09,31.8,1.599,4.709,264.0,1373.0,723.0,206.0,6194.0,447.0,266.0,290.0,4787.0,8093.0,1,90,500,1
9609,2025-09-23 14:14:06.411,L_6vSQ==,PACKET_DATA,28.12,31.79,1.564,4.709,264.0,1373.0,723.0,206.0,6193.0,447.0,266.0,290.0,4786.0,8094.0,1,90,500,1
9611,2025-09-23 14:15:36.974,L_6vSQ==,PACKET_DATA,28.11,31.82,1.564,4.709,262.0,1357.0,716.0,205.0,6158.0,445.0,265.0,288.0,4763.0,8057.0,1,90,500,1
9613,2025-09-23 14:17:07.589,L_6vSQ==,PACKET_DATA,28.11,31.8,1.596,4.715,264.0,1373.0,723.0,206.0,6195.0,447.0,266.0,290.0,4786.0,8094.0,1,90,500,1
9615,2025-09-23 14:18:38.218,L_6vSQ==,PACKET_DATA,28.25,31.96,1.599,4.715,263.0,1363.0,719.0,205.0,6172.0,446.0,265.0,289.0,4773.0,8074.0,1,90,500,1
9617,2025-09-23 14:20:08.743,L_6vSQ==,PACKET_DATA,28.0,31.82,1.599,4.715,263.0,1360.0,718.0,205.0,6167.0,445.0,265.0,289.0,4767.0,8066.0,1,90,500,1
9619,2025-09-23 14:21:39.378,L_6vSQ==,PACKET_DATA,28.12,32.05,1.596,4.715,264.0,1373.0,723.0,206.0,6195.0,447.0,266.0,290.0,4786.0,8098.0,1,90,500,1
9621,2025-09-23 14:23:10.023,L_6vSQ==,PACKET_DATA,28.25,31.73,1.596,4.715,264.0,1373.0,723.0,206.0,6195.0,447.0,266.0,290.0,4786.0,8099.0,1,90,500,1
9623,2025-09-23 14:24:40.651,L_6vSQ==,PACKET_DATA,28.25,31.73,1.596,4.715,264.0,1372.0,723.0,206.0,6195.0,447.0,266.0,290.0,4785.0,8098.0,1,90,500,1
9625,2025-09-23 14:26:11.182,L_6vSQ==,PACKET_DATA,28.12,31.66,1.599,4.715,264.0,1373.0,723.0,206.0,6195.0,447.0,266.0,290.0,4786.0,8099.0,1,90,500,1
9627,2025-09-23 14:27:41.805,L_6vSQ==,PACKET_DATA,28.12,31.82,1.597,4.712,264.0,1372.0,723.0,206.0,6194.0,447.0,266.0,290.0,4785.0,8099.0,1,90,500,1
9629,2025-09-23 14:29:12.452,L_6vSQ==,PACKET_DATA,28.12,31.73,1.597,4.712,262.0,1353.0,714.0,205.0,6147.0,444.0,264.0,288.0,4755.0,8048.0,1,90,500,1
9631,2025-09-23 14:30:43.045,L_6vSQ==,PACKET_DATA,28.19,31.74,1.596,4.712,264.0,1372.0,723.0,206.0,6195.0,447.0,266.0,290.0,4784.0,8098.0,1,90,500,1
9633,2025-09-23 14:32:13.612,L_6vSQ==,PACKET_DATA,28.25,31.63,1.596,4.712,264.0,1373.0,723.0,206.0,6195.0,447.0,266.0,290.0,4786.0,8100.0,1,90,500,1
9635,2025-09-23 14:33:44.198,L_6vSQ==,PACKET_DATA,28.05,31.64,1.597,4.712,264.0,1373.0,723.0,206.0,6195.0,447.0,266.0,290.0,4785.0,8097.0,1,90,500,1
9637,2025-09-23 14:35:14.837,L_6vSQ==,PACKET_DATA,28.05,31.62,1.597,4.719,264.0,1373.0,723.0,206.0,6194.0,447.0,266.0,290.0,4784.0,8099.0,1,90,500,1
9639,2025-09-23 14:36:45.434,L_6vSQ==,PACKET_DATA,28.25,31.67,1.596,4.712,264.0,1373.0,723.0,206.0,6194.0,447.0,266.0,290.0,4784.0,8100.0,1,90,500,1
9641,2025-09-23 14:38:16.065,L_6vSQ==,PACKET_DATA,28.25,31.65,1.595,4.712,263.0,1360.0,717.0,205.0,6166.0,445.0,265.0,289.0,4767.0,8066.0,1,90,500,1
9643,2025-09-23 14:39:46.690,L_6vSQ==,PACKET_DATA,28.25,31.63,1.596,4.712,263.0,1360.0,718.0,205.0,6165.0,445.0,265.0,289.0,4766.0,8068.0,1,90,500,1
9645,2025-09-23 14:41:17.216,L_6vSQ==,PACKET_DATA,28.25,31.64,1.597,4.717,264.0,1373.0,723.0,206.0,6194.0,447.0,266.0,290.0,4783.0,8099.0,1,90,500,1
9647,2025-09-23 14:42:47.865,L_6vSQ==,PACKET_DATA,28.25,31.57,1.596,4.712,264.0,1373.0,723.0,206.0,6195.0,447.0,266.0,290.0,4782.0,8099.0,1,90,500,1
9649,2025-09-23 14:44:18.421,L_6vSQ==,PACKET_DATA,28.5,31.59,1.588,4.712,264.0,1373.0,723.0,206.0,6195.0,447.0,266.0,290.0,4784.0,8101.0,1,90,500,1
9651,2025-09-23 14:45:49.046,L_6vSQ==,PACKET_DATA,28.25,31.57,1.588,4.712,264.0,1372.0,723.0,206.0,6193.0,447.0,266.0,290.0,4783.0,8099.0,1,90,500,1
9653,2025-09-23 14:47:19.682,L_6vSQ==,PACKET_DATA,28.25,31.7,1.596,4.712,263.0,1360.0,717.0,205.0,6164.0,445.0,266.0,289.0,4771.0,8080.0,1,90,500,1
9655,2025-09-23 14:48:50.295,L_6vSQ==,PACKET_DATA,28.25,31.32,1.662,4.712,262.0,1356.0,716.0,205.0,6155.0,445.0,265.0,288.0,4757.0,8056.0,1,90,500,1
9657,2025-09-23 14:50:20.833,L_6vSQ==,PACKET_DATA,28.12,31.52,1.596,4.712,262.0,1355.0,715.0,205.0,6151.0,444.0,265.0,288.0,4755.0,8052.0,1,90,500,1
9659,2025-09-23 14:51:51.450,L_6vSQ==,PACKET_DATA,28.25,31.49,1.596,4.712,262.0,1356.0,716.0,205.0,6155.0,445.0,265.0,289.0,4764.0,8068.0,1,90,500,1
9661,2025-09-23 14:53:22.133,L_6vSQ==,PACKET_DATA,28.25,31.39,1.596,4.712,264.0,1372.0,723.0,206.0,6192.0,447.0,266.0,290.0,4781.0,8098.0,1,90,500,1
9663,2025-09-23 14:54:52.653,L_6vSQ==,PACKET_DATA,28.25,31.68,1.596,4.712,264.0,1371.0,723.0,206.0,6195.0,447.0,266.0,290.0,4782.0,8102.0,1,90,500,1
9665,2025-09-23 14:56:23.256,L_6vSQ==,PACKET_DATA,28.25,31.38,1.596,4.712,264.0,1372.0,723.0,206.0,6194.0,447.0,266.0,290.0,4782.0,8102.0,1,90,500,1
9667,2025-09-23 14:57:53.901,L_6vSQ==,PACKET_DATA,28.25,31.44,1.56,4.712,264.0,1373.0,723.0,206.0,6194.0,447.0,266.0,290.0,4780.0,8104.0,1,90,500,1
9669,2025-09-23 14:59:24.526,L_6vSQ==,PACKET_DATA,28.44,31.53,1.56,4.712,264.0,1372.0,723.0,206.0,6194.0,447.0,266.0,290.0,4781.0,8102.0,1,90,500,1
9671,2025-09-23 15:00:55.134,L_6vSQ==,PACKET_DATA,28.38,31.59,1.56,4.712,263.0,1362.0,718.0,205.0,6169.0,445.0,265.0,289.0,4764.0,8074.0,1,90,500,1
9673,2025-09-23 15:02:25.733,L_6vSQ==,PACKET_DATA,28.25,31.48,1.56,4.712,263.0,1361.0,718.0,205.0,6165.0,445.0,265.0,289.0,4763.0,8071.0,1,90,500,1
9675,2025-09-23 15:03:56.342,L_6vSQ==,PACKET_DATA,28.25,31.51,1.56,4.712,264.0,1372.0,723.0,206.0,6194.0,447.0,266.0,290.0,4781.0,8103.0,1,90,500,1
9677,2025-09-23 15:05:26.972,L_6vSQ==,PACKET_DATA,28.25,31.45,1.636,4.719,264.0,1372.0,723.0,206.0,6194.0,447.0,266.0,289.0,4773.0,8084.0,1,90,500,1
9679,2025-09-23 15:06:57.527,L_6vSQ==,PACKET_DATA,28.05,31.5,1.635,4.719,264.0,1373.0,723.0,206.0,6194.0,447.0,266.0,290.0,4781.0,8104.0,1,90,500,1
9681,2025-09-23 15:08:28.175,L_6vSQ==,PACKET_DATA,28.38,31.43,1.626,4.716,264.0,1372.0,723.0,206.0,6194.0,447.0,266.0,290.0,4781.0,8103.0,1,90,500,1
9683,2025-09-23 15:09:58.731,L_6vSQ==,PACKET_DATA,28.25,31.47,1.635,4.719,263.0,1360.0,717.0,205.0,6164.0,445.0,265.0,289.0,4764.0,8072.0,1,90,500,1
9685,2025-09-23 15:11:29.391,L_6vSQ==,PACKET_DATA,28.25,31.46,1.635,4.719,263.0,1363.0,719.0,205.0,6170.0,445.0,265.0,289.0,4766.0,8077.0,1,90,500,1
9687,2025-09-23 15:12:59.959,L_6vSQ==,PACKET_DATA,28.25,31.47,1.634,4.718,263.0,1362.0,718.0,205.0,6168.0,446.0,265.0,289.0,4764.0,8075.0,1,90,500,1
9689,2025-09-23 15:14:30.508,L_6vSQ==,PACKET_DATA,28.5,31.48,1.622,4.718,262.0,1356.0,715.0,205.0,6153.0,444.0,265.0,288.0,4754.0,8056.0,1,90,500,1
9691,2025-09-23 15:16:01.192,L_6vSQ==,PACKET_DATA,28.27,31.7,1.588,4.717,263.0,1364.0,719.0,205.0,6172.0,446.0,265.0,289.0,4766.0,8079.0,1,90,500,1
9693,2025-09-23 15:17:31.730,L_6vSQ==,PACKET_DATA,28.26,31.46,1.622,4.717,262.0,1356.0,716.0,205.0,6152.0,445.0,265.0,288.0,4755.0,8062.0,1,90,500,1
9695,2025-09-23 15:19:02.343,L_6vSQ==,PACKET_DATA,28.38,31.52,1.622,4.717,264.0,1371.0,723.0,206.0,6194.0,447.0,266.0,290.0,4779.0,8104.0,1,90,500,1
9697,2025-09-23 15:20:33.004,L_6vSQ==,PACKET_DATA,28.5,31.47,1.634,4.718,264.0,1373.0,723.0,206.0,6194.0,447.0,266.0,290.0,4781.0,8106.0,1,90,500,1
9699,2025-09-23 15:22:03.584,L_6vSQ==,PACKET_DATA,28.38,31.46,1.634,4.718,264.0,1373.0,723.0,206.0,6193.0,447.0,266.0,290.0,4780.0,8106.0,1,90,500,1
9701,2025-09-23 15:23:34.165,L_6vSQ==,PACKET_DATA,28.38,30.74,1.634,4.714,264.0,1373.0,724.0,206.0,6194.0,447.0,267.0,290.0,4777.0,8106.0,1,90,500,1
9703,2025-09-23 15:25:04.826,L_6vSQ==,PACKET_DATA,28.12,29.91,1.659,4.715,264.0,1374.0,724.0,206.0,6196.0,447.0,267.0,290.0,4781.0,8106.0,1,90,500,1
9705,2025-09-23 15:26:35.427,L_6vSQ==,PACKET_DATA,28.3,28.81,1.659,4.715,262.0,1357.0,717.0,205.0,6157.0,445.0,265.0,288.0,4757.0,8061.0,1,90,500,1
9707,2025-09-23 15:28:06.005,L_6vSQ==,PACKET_DATA,28.05,28.42,1.629,4.715,264.0,1373.0,724.0,206.0,6198.0,447.0,267.0,290.0,4784.0,8105.0,1,90,500,1
9709,2025-09-23 15:29:36.578,L_6vSQ==,PACKET_DATA,28.13,28.72,1.629,4.712,264.0,1374.0,724.0,206.0,6198.0,447.0,267.0,290.0,4785.0,8105.0,1,90,500,1
9711,2025-09-23 15:31:07.247,L_6vSQ==,PACKET_DATA,27.94,27.19,1.599,4.712,240.0,1231.0,650.0,188.0,5676.0,411.0,243.0,265.0,4378.0,7402.0,1,90,500,1
