R:B,PPFD,R_PWM,B_PWM,R_POWER,B_POWER,R_VOLTAGE,B_VOLTAGE,R_CURRENT,B_CURRENT,R_ON,B_ON,R_TEMP_C,B_TEMP_C,R_ERROR,B_ERROR
5:1,500.456,95.0,28.0,66.3,10.4,244.5,246.5,0.28,0.092,True,True,40.8,40.6,,
5:1,449.897,85.0,25.0,59.5,9.5,244.6,246.5,0.253,0.086,True,True,41.1,40.7,,
5:1,398.495,75.0,21.0,52.4,8.1,244.5,246.4,0.226,0.077,True,True,41.6,41.0,,
5:1,348.802,65.0,18.0,45.4,7.1,244.6,246.5,0.198,0.07,True,True,41.5,41.1,,
5:1,299.624,55.0,15.0,38.5,6.2,244.7,246.6,0.172,0.064,True,True,41.8,41.5,,
5:1,250.298,47.0,13.0,33.1,5.5,244.8,246.9,0.151,0.059,True,True,41.9,41.7,,
5:1,199.539,37.0,10.0,26.2,4.5,244.7,246.7,0.126,0.053,True,True,42.3,41.9,,
5:1,150.849,28.0,7.0,20.2,3.5,244.8,246.8,0.105,0.047,True,True,42.4,42.1,,
5:1,99.891,19.0,4.0,14.5,2.5,244.6,246.6,0.085,0.042,True,True,42.4,42.2,,
